model,dataset,n,d,query,d_not_sparse,budget_total,best_arm_hat,p_hat_best_arm_hat,log_S_hat,best_arm,p_best_arm,log_S,budget_log_norm_estimation,budget_best_arms,budget_estimate_best_arm
CNN,mnist,10,25088,0,25088,27135,[7],[0.99998629],17.06765210285963,[7],[0.99999726],17.06764,266,2663,25088
CNN,mnist,10,25088,1,25088,25950,[5],[0.99999985],25.84269728873943,[5],[1.],25.842693,598,783,25088
CNN,mnist,10,25088,2,25088,26849,[1],[0.99984015],14.321624397292965,[1],[0.99999416],14.321473,338,2369,25088
CNN,mnist,10,25088,3,25088,27328,[9],[0.99999999],24.98550797634963,[9],[1.],24.98552,760,2633,25088
CNN,mnist,10,25088,4,25088,31417,[4],[0.99931253],14.392094721501309,[4],[0.9993948],14.392011,507,7713,25088
CNN,mnist,10,25088,5,25088,29116,[5],[0.99999768],19.631262240394122,[5],[0.99999774],19.63127,598,4370,25088
CNN,mnist,10,25088,6,25088,32166,[4],[0.99548291],12.833791014996244,[4],[0.998486],12.830775,525,10192,25088
CNN,mnist,10,25088,7,25088,31581,[1],[0.99999883],15.606700160343946,[1],[0.99999845],15.606701,327,7877,25088
CNN,mnist,10,25088,8,25088,31097,[5],[0.99999999],20.406332021848357,[5],[0.9999999],20.40634,897,8047,25088
CNN,mnist,10,25088,9,25088,28156,[7],[0.99999902],22.83923056687901,[7],[0.9999999],22.839226,760,3684,25088
CNN,mnist,10,25088,10,25088,28894,[9],[0.99999501],15.871362907625938,[9],[0.999959],15.871399,760,4525,25088
CNN,mnist,10,25088,11,25088,30368,[9],[0.99976114],16.11685799509038,[9],[0.99998903],16.11663,507,7356,25088
CNN,mnist,10,25088,12,25088,33330,[5],[0.99999909],16.89771171174272,[5],[0.9999989],16.897718,598,9718,25088
CNN,mnist,10,25088,13,25088,29535,[9],[0.9998215],15.935935197620793,[9],[0.99978775],15.935968,490,6515,25088
CNN,mnist,10,25088,14,25088,27524,[3],[0.99999992],21.814096526742542,[3],[1.],21.814098,552,2930,25088
CNN,mnist,10,25088,15,25088,27694,[6],[0.99999938],20.236305858973157,[6],[1.],20.236303,598,3222,25088
CNN,mnist,10,25088,16,25088,26104,[1],[0.99924465],14.390541403360851,[1],[0.9999974],14.389787,263,1199,25088
CNN,mnist,10,25088,17,25088,29368,[3],[0.99999182],16.77182824699819,[3],[0.9999989],16.771818,507,4896,25088
CNN,mnist,10,25088,18,25088,32691,[9],[0.99993856],12.175453589677689,[9],[0.99948764],12.175901,507,8967,25088
CNN,mnist,10,25088,19,25088,30171,[1],[0.9995313],13.53799971209795,[1],[0.99991643],13.537619,338,6467,25088
CNN,mnist,10,25088,20,25088,30170,[0],[0.99878947],10.68094453533273,[0],[0.9964663],10.6832695,760,6466,25088
CNN,mnist,10,25088,21,25088,30600,[7],[0.99972794],10.739231409213545,[7],[0.99937147],10.73959,507,6896,25088
CNN,mnist,10,25088,22,25088,27386,[1],[0.99997025],13.582013313547675,[1],[0.99999416],13.581989,245,2709,25088
CNN,mnist,10,25088,23,25088,31348,[2],[0.9994204],15.012684758806575,[2],[0.99983966],15.012266,598,7644,25088
CNN,mnist,10,25088,24,25088,28033,[0],[0.99997234],16.04675388339621,[0],[0.9999989],16.046724,598,3561,25088
CNN,mnist,10,25088,25,25088,28946,[2],[0.99999996],22.507814442536226,[2],[0.99999976],22.507816,897,4474,25088
CNN,mnist,10,25088,26,25088,29004,[0],[0.99999841],16.10180632597443,[0],[0.99999595],16.101807,598,3517,25088
CNN,mnist,10,25088,27,25088,31820,[2],[0.99507141],11.755721835826504,[2],[0.99900776],11.751769,507,8808,25088
CNN,mnist,10,25088,28,25088,32058,[7],[0.99517066],14.900158113061032,[7],[0.9974529],14.8978615,598,9046,25088
CNN,mnist,10,25088,29,25088,49584,[7],[0.79138373],10.965394729402727,[7],[0.7825183],10.976659,669,40261,25088
CNN,mnist,10,25088,30,25088,44806,[3],[0.82822557],8.221875037274428,[3],[0.84463453],8.202252,507,30216,25088
CNN,mnist,10,25088,31,25088,29911,[4],[0.9999989],23.228675037980388,[4],[1.],23.228668,787,6207,25088
CNN,mnist,10,25088,32,25088,63668,[0],[0.588264],5.14976490148895,[0],[0.65285856],5.0455832,507,54345,25088
CNN,mnist,10,25088,33,25088,28309,[3],[0.99999022],15.800734765262881,[3],[0.9999993],15.800725,354,3837,25088
CNN,mnist,10,25088,34,25088,28536,[7],[0.99999428],16.273855204495483,[7],[0.9999914],16.273857,399,4064,25088
CNN,mnist,10,25088,35,25088,29737,[1],[0.99998298],15.646035046081948,[1],[0.99999654],15.646019,507,6033,25088
CNN,mnist,10,25088,36,25088,31250,[4],[0.9999999],18.59810075787856,[4],[0.99999976],18.598103,598,6946,25088
CNN,mnist,10,25088,37,25088,28077,[7],[0.99999425],18.944532421489924,[7],[0.99999976],18.944525,507,3605,25088
CNN,mnist,10,25088,38,25088,30892,[1],[0.99999546],12.96079803878164,[1],[0.9999889],12.960804,338,7188,25088
CNN,mnist,10,25088,39,25088,27181,[3],[0.99999994],20.24158865447607,[3],[1.],20.241589,598,2484,25088
CNN,mnist,10,25088,40,25088,32731,[6],[0.999986],16.05897587236633,[6],[0.99999547],16.05896,525,9027,25088
CNN,mnist,10,25088,41,25088,29296,[6],[0.99975437],15.549634543621638,[6],[0.99965703],15.549733,327,5592,25088
CNN,mnist,10,25088,42,25088,28331,[5],[0.99999997],19.686603578710805,[5],[0.9999968],19.686607,598,3654,25088
CNN,mnist,10,25088,43,25088,25748,[1],[0.91640297],10.748880129277243,[1],[0.9986669],10.662912,338,782,25088
CNN,mnist,10,25088,44,25088,28882,[9],[0.99999696],17.201140585424657,[9],[0.9999906],17.20114,669,5178,25088
CNN,mnist,10,25088,45,25088,29509,[2],[0.99999373],19.92640550462156,[2],[1.],19.926397,760,5805,25088
CNN,mnist,10,25088,46,25088,30899,[1],[0.99848155],11.377963467272622,[1],[0.99829644],11.37815,327,7887,25088
CNN,mnist,10,25088,47,25088,34022,[8],[0.99999065],19.205873300785594,[8],[0.99999905],19.205864,598,11157,25088
CNN,mnist,10,25088,48,25088,35598,[3],[0.99775314],11.498098999062085,[3],[0.994436],11.501423,897,10131,25088
CNN,mnist,10,25088,49,25088,28343,[1],[0.99999032],15.108218334088848,[1],[0.99999607],15.108213,266,3871,25088
CNN,mnist,10,25088,50,25088,34288,[9],[0.98386063],9.612971692368365,[9],[0.98840755],9.608359,399,13871,25088
CNN,mnist,10,25088,51,25088,30626,[2],[0.99995503],20.405123859314497,[2],[0.9999999],20.405083,760,6922,25088
CNN,mnist,10,25088,52,25088,28186,[4],[0.99999994],22.718252245466786,[4],[1.],22.71825,507,3714,25088
CNN,mnist,10,25088,53,25088,29916,[2],[0.99998559],16.672682870315224,[2],[0.99999917],16.672665,507,5612,25088
CNN,mnist,10,25088,54,25088,29387,[3],[0.99999996],20.552393004248547,[3],[1.],20.552399,507,5296,25088
CNN,mnist,10,25088,55,25088,35928,[8],[0.99843571],12.320659221760252,[8],[0.9986959],12.320393,760,15367,25088
CNN,mnist,10,25088,56,25088,68526,[2],[0.68176289],5.487009541651601,[2],[0.6174286],5.5861273,399,59203,25088
CNN,mnist,10,25088,57,25088,27317,[9],[0.99976876],13.316284654894094,[9],[0.9804121],13.33584,598,2640,25088
CNN,mnist,10,25088,58,25088,36495,[9],[0.9996638],11.742457949582995,[9],[0.9984888],11.743633,507,12115,25088
CNN,mnist,10,25088,59,25088,28772,[5],[0.99997807],19.34088420896083,[5],[0.9999956],19.340872,507,4468,25088
CNN,mnist,10,25088,60,25088,35298,[2],[0.99906517],12.81840391042171,[2],[0.9994773],12.817993,598,12937,25088
CNN,mnist,10,25088,61,25088,28946,[9],[0.99996156],17.643314651490744,[9],[0.9999994],17.643269,446,4307,25088
CNN,mnist,10,25088,62,25088,33117,[4],[0.99691493],12.775329527087342,[4],[0.99306],12.779199,507,10105,25088
CNN,mnist,10,25088,63,25088,30256,[4],[0.99998397],14.65948181775006,[4],[0.9999485],14.659513,490,6544,25088
CNN,mnist,10,25088,64,25088,30132,[5],[0.99991466],12.427438253836838,[5],[0.9991436],12.428216,507,6428,25088
CNN,mnist,10,25088,65,25088,30862,[3],[0.99999957],19.89115185661065,[3],[0.9999999],19.891151,525,7850,25088
CNN,mnist,10,25088,66,25088,31180,[4],[0.99994697],14.12888966243621,[4],[0.99996674],14.128869,507,7476,25088
CNN,mnist,10,25088,67,25088,28596,[2],[0.99996367],21.422182176123133,[2],[1.],21.422153,787,4124,25088
CNN,mnist,10,25088,68,25088,31946,[4],[0.99994056],14.580562902915037,[4],[0.9999876],14.580514,507,8242,25088
CNN,mnist,10,25088,69,25088,32527,[8],[0.99999778],16.840109181599427,[8],[0.999998],16.840107,598,8823,25088
CNN,mnist,10,25088,70,25088,27359,[3],[0.99999999],23.337602629830304,[3],[1.],23.337603,760,2682,25088
CNN,mnist,10,25088,71,25088,27168,[0],[0.99999949],15.174397025567073,[0],[0.99996793],15.174424,598,2696,25088
CNN,mnist,10,25088,72,25088,30401,[8],[1.],24.70111084068537,[8],[1.],24.701105,897,7283,25088
CNN,mnist,10,25088,73,25088,27746,[9],[0.99999984],21.229124226497312,[9],[1.],21.229122,760,2904,25088
CNN,mnist,10,25088,74,25088,30227,[8],[0.99999945],20.667259764270483,[8],[1.],20.66726,491,6523,25088
CNN,mnist,10,25088,75,25088,26611,[7],[0.99999859],20.053273655527196,[7],[1.],20.053265,338,1797,25088
CNN,mnist,10,25088,76,25088,32594,[3],[0.99996118],15.596260749130392,[3],[0.9999968],15.5962305,598,8890,25088
CNN,mnist,10,25088,77,25088,27881,[6],[0.99999857],18.848279471214344,[6],[1.],18.84828,532,3409,25088
CNN,mnist,10,25088,78,25088,27746,[0],[0.99999708],15.962000904084716,[0],[0.99999523],15.962005,598,3069,25088
CNN,mnist,10,25088,79,25088,27956,[1],[0.99998706],15.66297203919669,[1],[0.9999988],15.662961,245,3279,25088
CNN,mnist,10,25088,80,25088,34125,[4],[0.99999814],15.581941556031719,[4],[0.9999958],15.581943,507,10409,25088
CNN,mnist,10,25088,81,25088,28151,[5],[0.99999984],22.527631918286197,[5],[1.],22.527626,760,4447,25088
CNN,mnist,10,25088,82,25088,34504,[5],[0.99998952],19.099781984239563,[5],[1.],19.099766,798,11462,25088
CNN,mnist,10,25088,83,25088,29904,[9],[0.99999968],17.74423249416556,[9],[0.99999905],17.744226,543,6200,25088
CNN,mnist,10,25088,84,25088,31348,[3],[0.99999927],15.269543425770271,[3],[0.99999654],15.2695465,507,7249,25088
CNN,mnist,10,25088,85,25088,33294,[1],[0.99998295],13.478827358060226,[1],[0.99997616],13.478834,350,9590,25088
CNN,mnist,10,25088,86,25088,32093,[9],[0.99999747],17.49983468374876,[9],[0.99999845],17.499834,507,8389,25088
CNN,mnist,10,25088,87,25088,28889,[3],[0.99999999],21.182415021451774,[3],[1.],21.182415,598,4417,25088
CNN,mnist,10,25088,88,25088,29196,[0],[0.99999863],18.135999137812167,[0],[0.99999976],18.135994,490,4724,25088
CNN,mnist,10,25088,89,25088,28307,[0],[0.99999788],17.95402739193828,[0],[0.9999995],17.954027,760,3835,25088
CNN,mnist,10,25088,90,25088,32446,[3],[0.99972273],14.036169797402646,[3],[0.99920976],14.036683,760,10472,25088
CNN,mnist,10,25088,91,25088,28923,[2],[0.99999988],17.114086271540966,[2],[0.99999213],17.114098,760,4746,25088
CNN,mnist,10,25088,92,25088,30018,[6],[0.99988122],15.391845276741607,[6],[0.99991333],15.391809,507,6314,25088
CNN,mnist,10,25088,93,25088,31195,[6],[0.99992546],16.51703849845394,[6],[0.9999995],16.516964,490,7491,25088
CNN,mnist,10,25088,94,25088,29406,[2],[0.99999948],21.424963520642216,[2],[1.],21.424969,507,5702,25088
CNN,mnist,10,25088,95,25088,37187,[5],[0.99990483],13.674018670782427,[5],[0.9998789],13.674044,643,14175,25088
CNN,mnist,10,25088,96,25088,31888,[8],[0.99999106],15.75454938396077,[8],[0.99999726],15.754547,399,8184,25088
CNN,mnist,10,25088,97,25088,38356,[9],[0.98541144],11.761299036220771,[9],[0.9915692],11.755072,593,20275,25088
CNN,mnist,10,25088,98,25088,30139,[9],[0.99998942],14.242868511854327,[9],[0.9996736],14.243181,760,6435,25088
CNN,mnist,10,25088,99,25088,44467,[6],[0.75179137],12.095749840716465,[6],[0.7608022],12.083834,598,35144,25088
CNN,mnist,10,25088,100,25088,28702,[2],[0.99999848],20.32037314865055,[2],[1.],20.320375,399,4978,25088
CNN,mnist,10,25088,101,25088,30785,[1],[0.9999953],13.437280585932035,[1],[0.9999844],13.437292,327,7081,25088
CNN,mnist,10,25088,102,25088,27806,[6],[0.99999998],17.80755236079839,[6],[0.9999999],17.807552,399,3159,25088
CNN,mnist,10,25088,103,25088,31606,[2],[0.9999973],17.707753016230246,[2],[0.9999994],17.707752,598,7902,25088
CNN,mnist,10,25088,104,25088,42143,[4],[0.97226137],7.353537644744685,[4],[0.96130335],7.3648705,507,24042,25088
CNN,mnist,10,25088,105,25088,45493,[2],[0.67381331],6.835417847400779,[2],[0.6585407],6.8583436,760,36238,25088
CNN,mnist,10,25088,106,25088,30444,[2],[0.99996958],21.99798002167425,[2],[1.],21.997952,490,6712,25088
CNN,mnist,10,25088,107,25088,29692,[2],[0.99993309],13.356197516881332,[2],[0.99847096],13.357659,507,5821,25088
CNN,mnist,10,25088,108,25088,26075,[1],[0.9407386],13.587331265686494,[1],[0.9999839],13.526257,290,1398,25088
CNN,mnist,10,25088,109,25088,26737,[2],[0.99999477],21.61596821079815,[2],[1.],21.615967,598,1911,25088
CNN,mnist,10,25088,110,25088,29919,[1],[0.99999891],16.670218608565445,[1],[0.9999988],16.670223,236,6215,25088
CNN,mnist,10,25088,111,25088,28179,[3],[0.9999998],25.864669997354376,[3],[1.],25.864666,760,3707,25088
CNN,mnist,10,25088,112,25088,28032,[9],[0.99983652],11.118403852819364,[9],[0.96689844],11.151898,598,5020,25088
CNN,mnist,10,25088,113,25088,35241,[8],[0.9963264],13.48230948000891,[8],[0.99887115],13.479759,616,12229,25088
CNN,mnist,10,25088,114,25088,29825,[7],[0.99990934],15.758307517248754,[7],[0.99997294],15.75824,507,5660,25088
CNN,mnist,10,25088,115,25088,28239,[8],[0.99999994],18.08889395157396,[8],[0.99999964],18.088894,598,4368,25088
CNN,mnist,10,25088,116,25088,26188,[1],[0.99995297],14.260073008412776,[1],[0.9999927],14.260032,266,1511,25088
CNN,mnist,10,25088,117,25088,32018,[9],[0.99822149],14.347165646804013,[9],[0.99874073],14.346641,507,9006,25088
CNN,mnist,10,25088,118,25088,36267,[3],[0.99988827],12.209560549933217,[3],[0.99991703],12.209535,507,10511,25088
CNN,mnist,10,25088,119,25088,28262,[4],[0.99999943],21.02977809210839,[4],[0.9999999],21.029778,598,4514,25088
CNN,mnist,10,25088,120,25088,29174,[3],[0.9999966],19.301673479108487,[3],[0.99999917],19.30168,598,3920,25088
CNN,mnist,10,25088,121,25088,36590,[8],[0.99827669],13.685638984821466,[8],[0.99867994],13.685234,507,18342,25088
CNN,mnist,10,25088,122,25088,28644,[5],[0.99999979],20.089843960395353,[5],[0.9999999],20.08985,684,4313,25088
CNN,mnist,10,25088,123,25088,28059,[5],[0.99999959],18.978184155394846,[5],[0.9999994],18.97818,598,3587,25088
CNN,mnist,10,25088,124,25088,31630,[3],[0.99999757],19.577215720037827,[3],[0.9999974],19.577215,598,8618,25088
CNN,mnist,10,25088,125,25088,36999,[8],[0.99685589],13.040306122034401,[8],[0.996807],13.040353,638,16582,25088
CNN,mnist,10,25088,126,25088,28942,[9],[0.9999851],16.326947805864705,[9],[0.9999914],16.326937,446,5238,25088
CNN,mnist,10,25088,127,25088,27654,[4],[0.99999896],20.48188695328028,[4],[1.],20.481884,669,3164,25088
CNN,mnist,10,25088,128,25088,27990,[7],[0.99999925],18.776665486915547,[7],[0.99999976],18.776665,399,3540,25088
CNN,mnist,10,25088,129,25088,30482,[8],[0.99999998],20.96623613008565,[8],[1.],20.966236,570,6317,25088
CNN,mnist,10,25088,130,25088,30626,[0],[0.99780903],13.532950319670825,[0],[0.99969053],13.531061,598,7576,25088
CNN,mnist,10,25088,131,25088,29384,[5],[0.99914911],14.154937361938337,[5],[0.9998951],14.154194,411,5640,25088
CNN,mnist,10,25088,132,25088,27344,[5],[0.99999995],19.929462485329424,[5],[0.9999993],19.929466,490,2872,25088
CNN,mnist,10,25088,133,25088,29173,[3],[1.],25.55041122526763,[3],[1.],25.550415,798,4451,25088
CNN,mnist,10,25088,134,25088,27640,[1],[0.99988293],14.874569672051097,[1],[0.99999416],14.87446,266,3168,25088
CNN,mnist,10,25088,135,25088,32226,[2],[0.99866754],14.116933929776497,[2],[0.99939394],14.116203,593,10252,25088
CNN,mnist,10,25088,136,25088,28616,[2],[0.99987428],17.093890985937684,[2],[0.99999917],17.09377,897,4144,25088
CNN,mnist,10,25088,137,25088,33218,[4],[0.99951339],13.174002046467816,[4],[0.9996375],13.173879,399,10206,25088
CNN,mnist,10,25088,138,25088,31469,[3],[0.99999979],19.483967036149114,[3],[0.99999905],19.483961,616,7765,25088
CNN,mnist,10,25088,139,25088,27650,[0],[0.99995314],11.96408380089504,[0],[0.99913883],11.964894,897,9120,25088
CNN,mnist,10,25088,140,25088,29858,[8],[0.99999922],14.51219159874021,[8],[0.9999958],14.512188,643,6154,25088
CNN,mnist,10,25088,141,25088,33044,[4],[0.99999972],20.348228730158567,[4],[1.],20.34823,760,9155,25088
CNN,mnist,10,25088,142,25088,35473,[4],[0.99955916],12.624798161158292,[4],[0.9998252],12.624529,760,13499,25088
CNN,mnist,10,25088,143,25088,32076,[8],[1.],24.607147218371548,[8],[1.],24.607153,598,8372,25088
CNN,mnist,10,25088,144,25088,41896,[4],[0.80966891],8.74263927104527,[4],[0.8430297],8.70226,507,27318,25088
CNN,mnist,10,25088,145,25088,32040,[2],[0.99932466],13.807369602292846,[2],[0.9998939],13.806798,399,9028,25088
CNN,mnist,10,25088,146,25088,26808,[9],[0.99998602],21.062918334739727,[9],[1.],21.062902,429,2336,25088
CNN,mnist,10,25088,147,25088,28325,[8],[0.99999585],17.613130905350832,[8],[0.99999857],17.613127,525,4160,25088
CNN,mnist,10,25088,148,25088,30733,[3],[0.9999533],18.45168015748399,[3],[0.99999976],18.45163,760,7029,25088
CNN,mnist,10,25088,149,25088,28247,[2],[0.99996269],18.626174092369382,[2],[0.9999987],18.626143,598,3775,25088
CNN,mnist,10,25088,150,25088,35277,[8],[0.99730633],11.807482078716856,[8],[0.9996207],11.8051605,399,13303,25088
CNN,mnist,10,25088,151,25088,27015,[0],[0.99999997],18.480228456000248,[0],[0.9999995],18.480225,593,2338,25088
CNN,mnist,10,25088,152,25088,26240,[1],[0.99960333],13.353853249325647,[1],[0.99998605],13.353463,338,1555,25088
CNN,mnist,10,25088,153,25088,33133,[6],[0.99951998],12.546855411919768,[6],[0.99825376],12.548125,411,10121,25088
CNN,mnist,10,25088,154,25088,30626,[4],[0.99999981],19.153595161799508,[4],[0.99999905],19.153591,507,6461,25088
CNN,mnist,10,25088,155,25088,27488,[1],[0.99921601],13.703796768138796,[1],[0.9999764],13.703036,263,3016,25088
CNN,mnist,10,25088,156,25088,27014,[9],[0.9999999],19.20425425316725,[9],[1.],19.204256,507,2337,25088
CNN,mnist,10,25088,157,25088,27587,[1],[0.99999415],15.40901960121117,[1],[0.9999994],15.409023,310,2910,25088
CNN,mnist,10,25088,158,25088,31561,[9],[0.99777634],15.148735310410515,[9],[0.9996687],15.146838,525,8549,25088
CNN,mnist,10,25088,159,25088,26328,[9],[0.99999968],16.513824787614645,[9],[0.9999963],16.513834,669,1378,25088
CNN,mnist,10,25088,160,25088,51732,[2],[0.506176],7.233537505454099,[2],[0.45635995],7.3371363,338,42409,25088
CNN,mnist,10,25088,161,25088,28717,[4],[0.99997644],20.213680941567585,[4],[1.],20.213657,507,4245,25088
CNN,mnist,10,25088,162,25088,28429,[1],[0.99875798],11.31759754106371,[1],[0.99992085],11.316436,225,3957,25088
CNN,mnist,10,25088,163,25088,28597,[2],[0.99999511],16.11152565576368,[2],[0.9999968],16.111526,418,4125,25088
CNN,mnist,10,25088,164,25088,32168,[3],[0.99998395],15.824926214445854,[3],[0.99999213],15.824919,598,8464,25088
CNN,mnist,10,25088,165,25088,31105,[7],[0.99999859],17.09769771334776,[7],[0.9999993],17.097689,399,7401,25088
CNN,mnist,10,25088,166,25088,32298,[4],[0.99999928],15.751888994584636,[4],[0.9999975],15.751891,760,9256,25088
CNN,mnist,10,25088,167,25088,29045,[0],[0.99999979],18.502884122855942,[0],[0.99999964],18.502884,598,4573,25088
CNN,mnist,10,25088,168,25088,34313,[8],[0.99999987],21.79473508067096,[8],[1.],21.794731,598,10442,25088
CNN,mnist,10,25088,169,25088,37910,[8],[0.99935874],12.952310205609173,[8],[0.9990907],12.952581,598,15936,25088
CNN,mnist,10,25088,170,25088,31333,[4],[0.99999937],17.397675190772368,[4],[0.99999774],17.397676,598,7531,25088
CNN,mnist,10,25088,171,25088,27875,[6],[0.99920296],15.389891710829039,[6],[0.99999547],15.389094,327,3198,25088
CNN,mnist,10,25088,172,25088,68198,[5],[0.7944545],8.161472680317639,[5],[0.77562845],8.185457,760,44915,25088
CNN,mnist,10,25088,173,25088,28647,[4],[0.99999616],19.421197917986703,[4],[0.99999774],19.421196,507,4193,25088
CNN,mnist,10,25088,174,25088,27206,[2],[0.99999641],18.012994543264433,[2],[0.9999999],18.012989,598,2310,25088
CNN,mnist,10,25088,175,25088,29660,[0],[0.99999941],17.25632917089464,[0],[0.99999714],17.256325,669,5170,25088
CNN,mnist,10,25088,176,25088,28201,[4],[0.99999787],19.94664214703583,[4],[1.],19.946638,507,3729,25088
CNN,mnist,10,25088,177,25088,32032,[7],[0.99993552],15.814653983680962,[7],[0.9999949],15.814593,507,8328,25088
CNN,mnist,10,25088,178,25088,28605,[6],[0.99999837],17.286739073287162,[6],[0.9999999],17.286736,399,4133,25088
CNN,mnist,10,25088,179,25088,34655,[5],[0.99999756],16.62660270388713,[5],[0.9999995],16.626598,598,11643,25088
CNN,mnist,10,25088,180,25088,32128,[2],[0.99997398],15.132672583466531,[2],[0.99998224],15.132656,598,10116,25088
CNN,mnist,10,25088,181,25088,29468,[2],[0.99999992],20.793708885027094,[2],[1.],20.793724,598,5764,25088
CNN,mnist,10,25088,182,25088,29795,[6],[0.99581281],15.171640206883863,[6],[0.9997985],15.16764,507,6079,25088
CNN,mnist,10,25088,183,25088,29251,[4],[0.99999894],16.88422881073497,[4],[0.9999988],16.884224,450,5076,25088
CNN,mnist,10,25088,184,25088,27370,[4],[0.99999999],22.419601448796936,[4],[0.9999999],22.419596,399,2898,25088
CNN,mnist,10,25088,185,25088,28825,[3],[0.99999978],19.339365225973346,[3],[0.9999999],19.339361,593,5121,25088
CNN,mnist,10,25088,186,25088,27951,[2],[0.99999609],23.03982171782141,[2],[1.],23.039822,598,3479,25088
CNN,mnist,10,25088,187,25088,28338,[4],[0.99995006],17.870392192688122,[4],[0.99999917],17.870342,399,3866,25088
CNN,mnist,10,25088,188,25088,29523,[3],[0.99999191],16.189239961634062,[3],[0.99998105],16.189253,828,5051,25088
CNN,mnist,10,25088,189,25088,29775,[1],[0.99990697],15.009692716002403,[1],[0.9999937],15.009608,399,5610,25088
CNN,mnist,10,25088,190,25088,28428,[7],[0.99999939],18.954378735885687,[7],[0.99999964],18.954369,507,3956,25088
CNN,mnist,10,25088,191,25088,27522,[9],[0.99998341],14.336739914490245,[9],[0.99984896],14.33687,507,3050,25088
CNN,mnist,10,25088,192,25088,25988,[1],[0.99988594],14.391616446736146,[1],[0.99999285],14.391515,338,1083,25088
CNN,mnist,10,25088,193,25088,26931,[0],[0.99998527],15.376702738255352,[0],[0.99998355],15.37671,490,2254,25088
CNN,mnist,10,25088,194,25088,28536,[1],[0.99998499],15.153405895338908,[1],[0.9999995],15.153396,309,4064,25088
CNN,mnist,10,25088,195,25088,28509,[6],[0.9999659],13.907809021453009,[6],[0.9999716],13.907808,327,4344,25088
CNN,mnist,10,25088,196,25088,28018,[9],[0.9999727],14.595464348646692,[9],[0.99980515],14.595627,399,3546,25088
CNN,mnist,10,25088,197,25088,37878,[3],[0.99903643],14.251784189991584,[3],[0.99982613],14.250988,760,17461,25088
CNN,mnist,10,25088,198,25088,29210,[6],[0.99999946],19.593435822551665,[6],[0.9999995],19.593433,507,5281,25088
CNN,mnist,10,25088,199,25088,28056,[0],[0.99999891],20.87746920406335,[0],[1.],20.877466,897,3584,25088
CNN,mnist,10,25088,200,25088,28764,[6],[0.99998203],17.106034127006165,[6],[0.9999989],17.10602,350,3897,25088
CNN,mnist,10,25088,201,25088,29122,[1],[0.99986195],14.740242733898112,[1],[0.999987],14.740122,338,5418,25088
CNN,mnist,10,25088,202,25088,25989,[1],[0.99989526],13.756152950561637,[1],[0.9999926],13.75605,266,1084,25088
CNN,mnist,10,25088,203,25088,26658,[1],[0.99995907],14.114888117264341,[1],[0.99999464],14.114852,266,1981,25088
CNN,mnist,10,25088,204,25088,28389,[6],[0.99997802],16.45065789086294,[6],[0.9999989],16.45064,507,3905,25088
CNN,mnist,10,25088,205,25088,30375,[7],[0.99965112],15.819370166038349,[7],[0.9999796],15.819036,429,6671,25088
CNN,mnist,10,25088,206,25088,31432,[5],[0.99994292],14.933176857360479,[5],[0.9999676],14.933157,490,7728,25088
CNN,mnist,10,25088,207,25088,37728,[5],[0.99198454],9.985972102777758,[5],[0.99604285],9.981884,490,17311,25088
CNN,mnist,10,25088,208,25088,26569,[2],[0.9999921],15.094484598532153,[2],[0.999997],15.094482,490,2097,25088
CNN,mnist,10,25088,209,25088,39283,[1],[0.9081019],8.608655301351762,[1],[0.8812568],8.638664,338,21202,25088
CNN,mnist,10,25088,210,25088,33401,[5],[0.99998685],19.80328158309677,[5],[0.999997],19.803268,593,7432,25088
CNN,mnist,10,25088,211,25088,28019,[6],[0.99998331],15.292428497603796,[6],[0.9999862],15.292426,395,3547,25088
CNN,mnist,10,25088,212,25088,28506,[2],[0.99989252],18.23818846806817,[2],[0.9999995],18.23809,760,4746,25088
CNN,mnist,10,25088,213,25088,28218,[6],[0.99999975],19.92100549897784,[6],[1.],19.921011,399,3738,25088
CNN,mnist,10,25088,214,25088,31599,[7],[0.99999242],18.334503127169057,[7],[0.99999833],18.334497,643,7895,25088
CNN,mnist,10,25088,215,25088,28475,[7],[0.99999428],18.033458702830586,[7],[0.99999964],18.033443,399,4003,25088
CNN,mnist,10,25088,216,25088,28741,[2],[0.99999981],23.82324237518661,[2],[1.],23.823246,924,3894,25088
CNN,mnist,10,25088,217,25088,30223,[4],[0.99999939],18.27747215605243,[4],[0.9999993],18.27747,598,7105,25088
CNN,mnist,10,25088,218,25088,28787,[7],[0.99999451],17.504800560979852,[7],[0.999998],17.504793,507,4315,25088
CNN,mnist,10,25088,219,25088,30290,[6],[0.99999782],17.730800903717352,[6],[0.9999999],17.73079,598,5568,25088
CNN,mnist,10,25088,220,25088,27029,[1],[0.99999622],14.934885939927753,[1],[0.9999981],14.9348755,338,2352,25088
CNN,mnist,10,25088,221,25088,25970,[1],[0.97354316],14.356338116957064,[1],[0.9999869],14.329536,399,1115,25088
CNN,mnist,10,25088,222,25088,30250,[8],[0.99996594],15.081801140432974,[8],[0.9999771],15.081793,507,6047,25088
CNN,mnist,10,25088,223,25088,37580,[5],[0.99986305],12.856206519469787,[5],[0.99979407],12.856277,598,12655,25088
CNN,mnist,10,25088,224,25088,28186,[4],[0.99999999],24.058803565978014,[4],[1.],24.058811,760,3290,25088
CNN,mnist,10,25088,225,25088,29788,[5],[0.99999953],18.22138642700175,[5],[0.99999905],18.221386,598,6776,25088
CNN,mnist,10,25088,226,25088,29914,[8],[0.99999729],18.398009149649873,[8],[0.9999999],18.398012,368,5749,25088
CNN,mnist,10,25088,227,25088,34298,[5],[0.99999388],15.572868747617925,[5],[0.99996066],15.572902,787,7767,25088
CNN,mnist,10,25088,228,25088,29174,[2],[0.99999442],19.461408475087485,[2],[0.9999999],19.46141,598,4315,25088
CNN,mnist,10,25088,229,25088,28770,[6],[0.99999809],19.39028930507948,[6],[1.],19.390285,598,5009,25088
CNN,mnist,10,25088,230,25088,29896,[4],[0.99992306],11.98701732310157,[4],[0.99984324],11.987091,399,5797,25088
CNN,mnist,10,25088,231,25088,31589,[1],[0.99995315],12.223126532098275,[1],[0.9999465],12.223133,446,7985,25088
CNN,mnist,10,25088,232,25088,30864,[7],[0.99885698],14.618322585757383,[7],[0.999949],14.61723,399,7160,25088
CNN,mnist,10,25088,233,25088,40819,[8],[0.952734],10.661003644825353,[8],[0.9520104],10.661762,399,20402,25088
CNN,mnist,10,25088,234,25088,30162,[5],[0.9999989],20.92462267865071,[5],[0.99999976],20.924625,897,7044,25088
CNN,mnist,10,25088,235,25088,30166,[2],[0.99999969],18.060491871966658,[2],[0.99999845],18.060501,760,6462,25088
CNN,mnist,10,25088,236,25088,34339,[4],[0.9999465],14.617383100712651,[4],[0.9999713],14.617355,598,11315,25088
CNN,mnist,10,25088,237,25088,29737,[9],[0.99885861],13.080159685207455,[9],[0.9897822],13.089286,507,6033,25088
CNN,mnist,10,25088,238,25088,28186,[0],[0.99999865],19.64491216726852,[0],[0.9999999],19.644907,436,3714,25088
CNN,mnist,10,25088,239,25088,30844,[7],[0.99988752],14.0714025033191,[7],[0.9999472],14.071343,507,7832,25088
CNN,mnist,10,25088,240,25088,33193,[7],[0.9999805],14.279919100414919,[7],[0.99999166],14.279904,399,9489,25088
CNN,mnist,10,25088,241,25088,25730,[5],[0.99999992],21.615730362980205,[5],[0.9999999],21.615728,760,795,25088
CNN,mnist,10,25088,242,25088,33562,[1],[0.99962992],12.829174159696715,[1],[0.9997248],12.829079,225,10550,25088
CNN,mnist,10,25088,243,25088,29919,[8],[0.99999991],19.31427010961429,[8],[0.99999976],19.314266,669,6215,25088
CNN,mnist,10,25088,244,25088,28366,[8],[0.99999913],21.49608699376255,[8],[1.],21.496082,598,3882,25088
CNN,mnist,10,25088,245,25088,28643,[0],[0.99999252],16.775340886726976,[0],[0.99999964],16.775333,598,4939,25088
CNN,mnist,10,25088,246,25088,28594,[1],[0.99999932],15.813841547164323,[1],[0.9999993],15.813837,266,4122,25088
CNN,mnist,10,25088,247,25088,33078,[3],[0.99895024],12.254858332337209,[3],[0.9997576],12.254047,507,11104,25088
CNN,mnist,10,25088,248,25088,30917,[4],[0.99631076],11.466304403208749,[4],[0.99909043],11.463518,490,7905,25088
CNN,mnist,10,25088,249,25088,31059,[9],[0.9999967],16.933825926889895,[9],[0.9999989],16.933825,338,7355,25088
CNN,mnist,10,25088,250,25088,30762,[2],[0.99998643],18.266168813635463,[2],[0.99999976],18.26616,897,7058,25088
CNN,mnist,10,25088,251,25088,31531,[0],[0.9998912],12.692571722079316,[0],[0.99994767],12.692516,598,7827,25088
CNN,mnist,10,25088,252,25088,36560,[8],[0.99998542],19.685511863647314,[8],[0.9999926],19.685505,735,13218,25088
CNN,mnist,10,25088,253,25088,27854,[2],[0.9999984],19.208793336786268,[2],[1.],19.208794,399,3382,25088
CNN,mnist,10,25088,254,25088,28946,[2],[0.99999981],21.851875492288514,[2],[1.],21.85188,760,4087,25088
CNN,mnist,10,25088,255,25088,30933,[8],[0.99999993],21.501514509104666,[8],[0.9999999],21.501514,598,7209,25088
CNN,mnist,10,25088,256,25088,28103,[8],[0.99999985],19.344032437960966,[8],[0.99999917],19.344032,598,3426,25088
CNN,mnist,10,25088,257,25088,28536,[7],[0.99999743],19.59551114748037,[7],[0.9999995],19.595505,598,4064,25088
CNN,mnist,10,25088,258,25088,30171,[6],[0.99999668],19.25196407061025,[6],[1.],19.251957,598,5994,25088
CNN,mnist,10,25088,259,25088,30831,[7],[0.99999085],15.220803828631935,[7],[0.99999],15.220798,507,5311,25088
CNN,mnist,10,25088,260,25088,36014,[4],[0.90436851],12.866353170380178,[4],[0.8784293],12.895454,507,17827,25088
CNN,mnist,10,25088,261,25088,28946,[4],[0.99999994],20.74822050741735,[4],[1.],20.748219,598,4087,25088
CNN,mnist,10,25088,262,25088,31910,[7],[0.99997168],16.48676843372955,[7],[0.99999666],16.48674,507,8206,25088
CNN,mnist,10,25088,263,25088,32572,[0],[0.99998577],15.40064518360443,[0],[0.999998],15.400634,392,8868,25088
CNN,mnist,10,25088,264,25088,27662,[9],[0.99999047],15.667012208122836,[9],[0.9999974],15.667003,760,3723,25088
CNN,mnist,10,25088,265,25088,30334,[0],[0.99911466],9.91774821957148,[0],[0.9943936],9.922481,446,6630,25088
CNN,mnist,10,25088,266,25088,28460,[3],[0.9999998],19.442770202865283,[3],[0.9999999],19.442766,598,4696,25088
CNN,mnist,10,25088,267,25088,30231,[8],[0.9999972],14.956616344342091,[8],[0.9999993],14.95661,399,6527,25088
CNN,mnist,10,25088,268,25088,30471,[8],[0.99999987],22.04140104096352,[8],[1.],22.041405,490,6306,25088
CNN,mnist,10,25088,269,25088,27947,[5],[1.],21.769350053658087,[5],[1.],21.769348,598,3056,25088
CNN,mnist,10,25088,270,25088,31437,[1],[0.9998431],13.767776045147034,[1],[0.99991167],13.767711,225,8425,25088
CNN,mnist,10,25088,271,25088,28331,[1],[0.99999358],16.574862227298247,[1],[0.9999995],16.574858,233,3654,25088
CNN,mnist,10,25088,272,25088,36008,[0],[0.9997985],11.960726078936855,[0],[0.99948066],11.961036,684,12304,25088
CNN,mnist,10,25088,273,25088,29509,[4],[0.99980104],18.525368352436537,[4],[0.99999547],18.525179,598,7804,25088
CNN,mnist,10,25088,274,25088,35317,[6],[0.99993622],14.560217747047572,[6],[0.9999206],14.560229,507,11515,25088
CNN,mnist,10,25088,275,25088,31672,[6],[0.99991112],14.01047248630778,[6],[0.9999957],14.010391,507,7948,25088
CNN,mnist,10,25088,276,25088,27237,[1],[0.99997701],16.88580332039155,[1],[0.99999857],16.88579,399,2757,25088
CNN,mnist,10,25088,277,25088,28924,[5],[0.99999998],22.82284929126609,[5],[1.],22.822847,598,4392,25088
CNN,mnist,10,25088,278,25088,28036,[2],[0.99999997],23.706262622992696,[2],[1.],23.70626,490,3564,25088
CNN,mnist,10,25088,279,25088,32774,[4],[0.99999996],18.091880836897527,[4],[0.9999993],18.09189,598,10667,25088
CNN,mnist,10,25088,280,25088,27278,[5],[0.9999999],21.286106210120668,[5],[1.],21.286106,598,2601,25088
CNN,mnist,10,25088,281,25088,34572,[3],[0.99983365],12.447300384387427,[3],[0.9999707],12.447162,399,11560,25088
CNN,mnist,10,25088,282,25088,34215,[8],[0.99999985],22.13968864407672,[8],[1.],22.139688,399,10511,25088
CNN,mnist,10,25088,283,25088,29076,[2],[0.99994486],15.557287998787265,[2],[0.99996877],15.557263,507,5372,25088
CNN,mnist,10,25088,284,25088,26145,[1],[0.99959285],12.549606335801704,[1],[0.99996364],12.549237,446,1331,25088
CNN,mnist,10,25088,285,25088,29078,[2],[0.99999868],20.73333872655938,[2],[1.],20.733345,760,4883,25088
CNN,mnist,10,25088,286,25088,30522,[4],[0.99916148],13.488066312357432,[4],[0.999866],13.487355,399,6818,25088
CNN,mnist,10,25088,287,25088,28346,[2],[0.99920787],14.283724724988922,[2],[0.99847525],14.284464,598,5334,25088
CNN,mnist,10,25088,288,25088,28659,[7],[0.99999966],16.89488254429084,[7],[0.9999734],16.894909,760,4955,25088
CNN,mnist,10,25088,289,25088,26491,[1],[0.99970403],13.33919372167982,[1],[0.9999949],13.3389015,266,1814,25088
CNN,mnist,10,25088,290,25088,28353,[5],[0.99999916],18.62032020810876,[5],[0.99999976],18.620312,598,4331,25088
CNN,mnist,10,25088,291,25088,38066,[5],[0.9524837],10.999913288833646,[5],[0.90987283],11.045684,787,19985,25088
CNN,mnist,10,25088,292,25088,27699,[3],[0.99999993],18.211921764893713,[3],[0.9999999],18.211916,598,3227,25088
CNN,mnist,10,25088,293,25088,39750,[1],[0.99947239],9.436673532693142,[1],[0.9978782],9.43827,507,16738,25088
CNN,mnist,10,25088,294,25088,33583,[0],[0.9999777],15.901812922053642,[0],[0.99999535],15.9017935,490,9879,25088
CNN,mnist,10,25088,295,25088,28741,[0],[0.99996012],15.743774236205347,[0],[0.9999925],15.743746,327,4269,25088
CNN,mnist,10,25088,296,25088,28561,[4],[0.9999997],20.80231124772648,[4],[1.],20.802315,598,5601,25088
CNN,mnist,10,25088,297,25088,32298,[3],[0.99998381],14.794106466034581,[3],[0.99999845],14.794093,411,8594,25088
CNN,mnist,10,25088,298,25088,29925,[0],[0.99972852],16.919876768417254,[0],[0.99999917],16.919601,327,6221,25088
CNN,mnist,10,25088,299,25088,33482,[5],[0.99944124],12.627181113365541,[5],[0.99978274],12.626842,598,9778,25088
CNN,mnist,10,25088,300,25088,37712,[2],[0.99494714],14.43350767237456,[2],[0.9991691],14.429275,598,10025,25088
CNN,mnist,10,25088,301,25088,29506,[7],[0.99999887],17.355250537778897,[7],[0.99999547],17.355244,598,5802,25088
CNN,mnist,10,25088,302,25088,29934,[2],[0.99987225],19.366106001988502,[2],[1.],19.365974,897,6230,25088
CNN,mnist,10,25088,303,25088,28407,[1],[0.99999694],15.48224659473263,[1],[0.99999046],15.482254,301,3935,25088
CNN,mnist,10,25088,304,25088,28605,[1],[0.99993848],12.751041898921553,[1],[0.9996922],12.751288,225,4133,25088
CNN,mnist,10,25088,305,25088,28665,[0],[0.99998114],17.16567208833652,[0],[0.9999974],17.165653,399,4961,25088
CNN,mnist,10,25088,306,25088,28102,[9],[0.99999925],18.523333344364378,[9],[0.99999917],18.52334,507,3630,25088
CNN,mnist,10,25088,307,25088,26746,[3],[1.],22.766426086674226,[3],[1.],22.766417,598,584,25088
CNN,mnist,10,25088,308,25088,27024,[1],[0.99999783],16.492349891124526,[1],[0.9999989],16.492346,266,2347,25088
CNN,mnist,10,25088,309,25088,31258,[8],[0.99999283],18.02956725569845,[8],[0.99999714],18.029566,490,8246,25088
CNN,mnist,10,25088,310,25088,28703,[2],[0.99999941],19.31034528609529,[2],[1.],19.310349,490,4231,25088
CNN,mnist,10,25088,311,25088,29858,[1],[0.99993157],15.540153274657458,[1],[0.99999356],15.54009,327,6154,25088
CNN,mnist,10,25088,312,25088,28970,[2],[0.99998596],17.09609100263232,[2],[0.9999974],17.09608,490,5258,25088
CNN,mnist,10,25088,313,25088,28536,[1],[0.99999897],16.130879480879344,[1],[0.9999962],16.130882,290,4064,25088
CNN,mnist,10,25088,314,25088,32526,[0],[0.9999438],13.115813192010025,[0],[0.99985707],13.115907,507,8822,25088
CNN,mnist,10,25088,315,25088,27783,[9],[0.99999991],18.77688416724659,[9],[0.99999666],18.776894,507,3311,25088
CNN,mnist,10,25088,316,25088,33121,[0],[0.99999385],17.885921910738322,[0],[0.99999964],17.885918,828,10109,25088
CNN,mnist,10,25088,317,25088,29515,[3],[0.99999999],23.337127690825504,[3],[1.],23.337124,593,5043,25088
CNN,mnist,10,25088,318,25088,33010,[5],[0.99906149],16.093653257726167,[5],[0.99987555],16.092838,760,6627,25088
CNN,mnist,10,25088,319,25088,64877,[3],[0.47492428],5.997070872727672,[8],[0.9995096],13.6020775,399,64853,25088
CNN,mnist,10,25088,320,25088,28094,[0],[0.99976532],17.00938234793023,[0],[0.9999989],17.009146,399,3622,25088
CNN,mnist,10,25088,321,25088,26879,[9],[0.99999995],18.868637133325457,[9],[0.99999976],18.86864,507,2202,25088
CNN,mnist,10,25088,322,25088,32862,[2],[0.99844843],15.228484348143516,[2],[0.9999461],15.226992,760,9850,25088
CNN,mnist,10,25088,323,25088,31934,[8],[0.99992451],14.947884709138807,[8],[0.99996114],14.947843,490,8222,25088
CNN,mnist,10,25088,324,25088,28452,[3],[0.99999994],21.585372982427955,[3],[1.],21.585373,525,4728,25088
CNN,mnist,10,25088,325,25088,26926,[9],[0.99999955],18.529760808092654,[9],[0.9999989],18.52976,598,2112,25088
CNN,mnist,10,25088,326,25088,29173,[2],[0.99999394],16.750555373088442,[2],[0.9999733],16.75058,760,4701,25088
CNN,mnist,10,25088,327,25088,36776,[1],[0.99998408],12.904777238802367,[1],[0.99998474],12.904774,399,13072,25088
CNN,mnist,10,25088,328,25088,29163,[7],[0.99998645],14.897893148774203,[7],[0.99996865],14.897918,399,4103,25088
CNN,mnist,10,25088,329,25088,28355,[2],[0.99999981],18.880491444253494,[2],[0.99999964],18.880495,507,3883,25088
CNN,mnist,10,25088,330,25088,28470,[3],[0.99996136],17.414574159356654,[3],[0.99999964],17.41454,598,4746,25088
CNN,mnist,10,25088,331,25088,28003,[0],[0.999011],14.607924986181748,[0],[0.99994636],14.606988,507,4299,25088
CNN,mnist,10,25088,332,25088,27176,[3],[0.99999999],21.861270916567605,[3],[1.],21.861273,760,2382,25088
CNN,mnist,10,25088,333,25088,30032,[3],[0.99999657],16.45713386375744,[3],[0.99999714],16.457134,525,6078,25088
CNN,mnist,10,25088,334,25088,27329,[3],[0.99999999],21.123371138392795,[3],[1.],21.123367,399,2644,25088
CNN,mnist,10,25088,335,25088,29500,[9],[0.99999408],17.824079707701475,[9],[0.9999993],17.82407,464,5335,25088
CNN,mnist,10,25088,336,25088,34191,[6],[0.99993932],13.755337358146381,[6],[0.9998902],13.755391,598,11179,25088
CNN,mnist,10,25088,337,25088,30327,[4],[0.99999903],19.653168695067674,[4],[1.],19.653168,598,6603,25088
CNN,mnist,10,25088,338,25088,27405,[5],[0.99997006],13.94323005497654,[5],[0.99998486],13.943214,399,3685,25088
CNN,mnist,10,25088,339,25088,32321,[4],[0.99999693],19.203736517116436,[4],[0.9999994],19.203724,429,8017,25088
CNN,mnist,10,25088,340,25088,31484,[1],[0.99997982],13.980811271914657,[1],[0.99998665],13.980805,266,7780,25088
CNN,mnist,10,25088,341,25088,27730,[0],[0.99998536],17.821509694781774,[0],[0.99999976],17.821497,507,3258,25088
CNN,mnist,10,25088,342,25088,29972,[0],[0.99999243],16.39166063526451,[0],[0.9999932],16.391655,760,6250,25088
CNN,mnist,10,25088,343,25088,29205,[2],[0.99999908],19.419514620863467,[2],[0.9999999],19.41952,399,5501,25088
CNN,mnist,10,25088,344,25088,30915,[1],[0.99999694],15.676290715426989,[1],[0.9999975],15.67629,266,7211,25088
CNN,mnist,10,25088,345,25088,30101,[8],[0.99999973],19.867632185303574,[8],[0.9999999],19.867634,507,6238,25088
CNN,mnist,10,25088,346,25088,25964,[9],[0.99999998],20.057537099021758,[9],[0.9999999],20.057537,507,998,25088
CNN,mnist,10,25088,347,25088,30216,[9],[0.99997405],15.389590465844373,[9],[0.9999838],15.389583,399,6512,25088
CNN,mnist,10,25088,348,25088,31068,[2],[0.99987423],16.36905086815408,[2],[0.999992],16.368935,497,7661,25088
CNN,mnist,10,25088,349,25088,30374,[2],[0.99999943],18.351765251770086,[2],[0.9999995],18.351774,598,6670,25088
CNN,mnist,10,25088,350,25088,31675,[5],[0.99979682],14.248753612614193,[5],[0.9994363],14.249114,760,7865,25088
CNN,mnist,10,25088,351,25088,27874,[3],[0.99999498],17.73040892013844,[3],[0.99999976],17.730398,399,3402,25088
CNN,mnist,10,25088,352,25088,27644,[2],[0.99999893],19.11018096628837,[2],[1.],19.110186,507,2967,25088
CNN,mnist,10,25088,353,25088,33014,[8],[0.99999961],17.931494146330444,[8],[0.9999988],17.931498,497,9310,25088
CNN,mnist,10,25088,354,25088,27936,[1],[0.99999305],15.686123167630571,[1],[0.99999917],15.68612,225,3259,25088
CNN,mnist,10,25088,355,25088,28764,[2],[0.99999766],19.284124802098656,[2],[0.9999993],19.284132,654,4292,25088
CNN,mnist,10,25088,356,25088,29760,[6],[0.9999996],15.526734753243032,[6],[0.99999845],15.526741,593,6056,25088
CNN,mnist,10,25088,357,25088,28559,[0],[0.99988747],15.932423598176804,[0],[0.9999871],15.932318,598,4855,25088
CNN,mnist,10,25088,358,25088,32200,[7],[0.99998556],15.419016016415345,[7],[0.9999926],15.419004,669,8496,25088
CNN,mnist,10,25088,359,25088,32861,[6],[0.99999146],16.468033750604796,[6],[0.99999833],16.46803,598,9157,25088
CNN,mnist,10,25088,360,25088,27978,[8],[0.99999999],19.757781994206635,[8],[0.9999999],19.757784,598,4164,25088
CNN,mnist,10,25088,361,25088,28013,[6],[0.99999988],18.67940533209619,[6],[1.],18.679407,399,3336,25088
CNN,mnist,10,25088,362,25088,30461,[4],[0.99999764],23.815659021520904,[4],[1.],23.815655,897,6207,25088
CNN,mnist,10,25088,363,25088,33254,[6],[0.99958494],12.976735410847384,[6],[0.9996363],12.976683,525,10204,25088
CNN,mnist,10,25088,364,25088,29436,[6],[0.99998669],14.0828246672513,[6],[0.99973696],14.0830765,507,4461,25088
CNN,mnist,10,25088,365,25088,28740,[3],[0.99999892],19.432706009779398,[3],[1.],19.43271,507,3752,25088
CNN,mnist,10,25088,366,25088,31197,[7],[0.99926624],12.515491189492858,[7],[0.9997547],12.515006,338,8185,25088
CNN,mnist,10,25088,367,25088,28209,[7],[0.999997],20.445153371914206,[7],[0.99999976],20.44514,760,3532,25088
CNN,mnist,10,25088,368,25088,29528,[7],[0.99998598],15.694353769175617,[7],[0.99999464],15.694348,507,5812,25088
CNN,mnist,10,25088,369,25088,37598,[4],[0.99990941],13.22742365818693,[4],[0.9997687],13.227561,760,14586,25088
CNN,mnist,10,25088,370,25088,28138,[1],[0.99999089],14.157157470084284,[1],[0.9999925],14.157154,309,3666,25088
CNN,mnist,10,25088,371,25088,26924,[9],[0.99999953],20.555134284939474,[9],[0.9999999],20.55513,507,2452,25088
CNN,mnist,10,25088,372,25088,33193,[5],[0.99096446],14.08704520087734,[5],[0.9452544],14.13427,598,11219,25088
CNN,mnist,10,25088,373,25088,42388,[4],[0.99725332],8.92091090240828,[4],[0.99118084],8.927014,957,19066,25088
CNN,mnist,10,25088,374,25088,28449,[3],[0.99999999],18.742984783135963,[3],[0.9999999],18.742977,760,4745,25088
CNN,mnist,10,25088,375,25088,29607,[4],[0.99999996],22.022609752451622,[4],[1.],22.0226,669,5135,25088
CNN,mnist,10,25088,376,25088,29022,[6],[0.99999629],18.98325337815684,[6],[0.99999976],18.983252,507,6458,25088
CNN,mnist,10,25088,377,25088,27061,[1],[0.99999925],15.602189809388797,[1],[0.9999987],15.602191,266,2247,25088
CNN,mnist,10,25088,378,25088,30687,[1],[0.99999675],15.01857129234457,[1],[0.9999987],15.018577,266,6983,25088
CNN,mnist,10,25088,379,25088,29961,[4],[0.99999758],22.81039861674507,[4],[1.],22.810402,760,5639,25088
CNN,mnist,10,25088,380,25088,27335,[2],[0.9999994],22.24935210247828,[2],[1.],22.249352,598,2658,25088
CNN,mnist,10,25088,381,25088,27981,[9],[0.99999996],19.046485938489127,[9],[0.9999999],19.046484,507,3304,25088
CNN,mnist,10,25088,382,25088,31827,[7],[0.99788472],11.927555448798739,[7],[0.99879265],11.926644,507,8833,25088
CNN,mnist,10,25088,383,25088,28375,[2],[0.99990079],17.928184544427523,[2],[0.9999993],17.928085,598,3797,25088
CNN,mnist,10,25088,384,25088,57387,[8],[0.50587597],8.03262284603207,[8],[0.50484776],8.03466,507,57387,25088
CNN,mnist,10,25088,385,25088,28308,[0],[0.99999163],16.16117932528606,[0],[0.9999975],16.161173,552,3836,25088
CNN,mnist,10,25088,386,25088,37502,[2],[0.98046467],11.116519933923565,[2],[0.9694426],11.127823,737,17085,25088
CNN,mnist,10,25088,387,25088,33203,[6],[0.99990978],13.085281955332587,[6],[0.9999031],13.085293,598,10191,25088
CNN,mnist,10,25088,388,25088,29874,[7],[0.9999689],16.376293763020985,[7],[0.9999987],16.376265,338,6162,25088
CNN,mnist,10,25088,389,25088,34461,[6],[0.99216068],14.799007905375973,[6],[0.997431],14.793711,760,7827,25088
CNN,mnist,10,25088,390,25088,27043,[3],[0.99999996],19.66343311105134,[3],[1.],19.663435,598,3307,25088
CNN,mnist,10,25088,391,25088,28360,[2],[0.99999868],21.28443278191516,[2],[1.],21.284435,684,3888,25088
CNN,mnist,10,25088,392,25088,29486,[4],[0.9999994],19.18391478348663,[4],[0.9999999],19.18392,399,5782,25088
CNN,mnist,10,25088,393,25088,28827,[6],[0.99999876],15.669909759534093,[6],[0.9999759],15.669932,490,5091,25088
CNN,mnist,10,25088,394,25088,29580,[9],[0.99999893],16.05450927727944,[9],[0.999998],16.054506,507,5876,25088
CNN,mnist,10,25088,395,25088,28222,[5],[0.99999981],21.188715175220292,[5],[0.9999999],21.188717,598,3997,25088
CNN,mnist,10,25088,396,25088,30044,[9],[0.99998787],13.563647001187597,[9],[0.99993193],13.563699,507,6320,25088
CNN,mnist,10,25088,397,25088,26967,[9],[0.99999999],20.486694341482295,[9],[0.9999999],20.486698,598,2290,25088
CNN,mnist,10,25088,398,25088,31675,[4],[0.99975491],14.971396468764716,[4],[0.99995375],14.971193,760,6605,25088
CNN,mnist,10,25088,399,25088,32861,[2],[0.99997945],16.109841866887255,[2],[0.99997187],16.109858,598,9157,25088
CNN,mnist,10,25088,400,25088,29532,[9],[0.99948122],11.909536481883784,[9],[0.9857701],11.923346,507,5828,25088
CNN,mnist,10,25088,401,25088,30155,[0],[0.99999405],15.645417436452286,[0],[0.999998],15.645414,598,6451,25088
CNN,mnist,10,25088,402,25088,26695,[5],[0.99999998],19.044422169025648,[5],[0.99999976],19.044416,598,2036,25088
CNN,mnist,10,25088,403,25088,28787,[1],[0.99996338],13.942390822620125,[1],[0.99998355],13.94237,399,4110,25088
CNN,mnist,10,25088,404,25088,29277,[3],[0.9999969],18.035907027417615,[3],[0.99999714],18.03591,507,3927,25088
CNN,mnist,10,25088,405,25088,30836,[9],[0.99990301],14.311424926293586,[9],[0.9999033],14.311421,760,7132,25088
CNN,mnist,10,25088,406,25088,26660,[1],[0.99999886],16.179150769772306,[1],[0.9999989],16.179152,338,2172,25088
CNN,mnist,10,25088,407,25088,34374,[8],[0.99999508],17.844273717580844,[8],[0.9999863],17.844275,760,10670,25088
CNN,mnist,10,25088,408,25088,31456,[3],[0.99999964],23.220108394513577,[3],[1.],23.22011,897,6384,25088
CNN,mnist,10,25088,409,25088,32292,[4],[0.99999639],16.552785664915987,[4],[0.99999607],16.552786,760,7210,25088
CNN,mnist,10,25088,410,25088,26886,[7],[0.99999901],18.128247300142508,[7],[1.],18.128235,491,2414,25088
CNN,mnist,10,25088,411,25088,28149,[2],[0.99999496],18.87160805303633,[2],[1.],18.871609,411,3669,25088
CNN,mnist,10,25088,412,25088,27814,[3],[0.99999785],18.60080742884356,[3],[0.99999964],18.600807,760,2970,25088
CNN,mnist,10,25088,413,25088,34884,[8],[0.99999817],16.508098528432484,[8],[0.9999987],16.508106,429,11872,25088
CNN,mnist,10,25088,414,25088,33773,[8],[0.99999996],22.595441855502912,[8],[1.],22.59544,514,10069,25088
CNN,mnist,10,25088,415,25088,26831,[1],[0.99999883],14.67960665791562,[1],[0.9999939],14.67961,338,2028,25088
CNN,mnist,10,25088,416,25088,28209,[7],[0.99999376],15.94699434712751,[7],[0.99999416],15.946989,338,3532,25088
CNN,mnist,10,25088,417,25088,35464,[8],[0.99869214],12.7520068057814,[8],[0.99990857],12.750792,507,55796,25088
CNN,mnist,10,25088,418,25088,32937,[4],[0.99990266],15.825498647497145,[4],[0.99998033],15.82542,598,9233,25088
CNN,mnist,10,25088,419,25088,29745,[7],[0.99996012],15.968418899291319,[7],[0.99999535],15.968375,338,6733,25088
CNN,mnist,10,25088,420,25088,29865,[0],[0.99988082],17.075480442394397,[0],[0.99998903],17.075365,598,6161,25088
CNN,mnist,10,25088,421,25088,27746,[6],[0.99998486],16.685600158821977,[6],[0.9999975],16.685587,327,3274,25088
CNN,mnist,10,25088,422,25088,26067,[1],[0.99441595],12.933368410816046,[1],[0.99995005],12.927816,338,1154,25088
CNN,mnist,10,25088,423,25088,32861,[8],[0.99999989],21.638597597249053,[8],[0.9999999],21.638597,897,5919,25088
CNN,mnist,10,25088,424,25088,27080,[4],[0.99999938],20.354824685691906,[4],[1.],20.354828,598,2486,25088
CNN,mnist,10,25088,425,25088,27259,[9],[0.99999866],17.716603666928105,[9],[0.9999994],17.716604,507,2787,25088
CNN,mnist,10,25088,426,25088,28042,[0],[0.99991153],17.811314364384174,[0],[0.9999994],17.811222,616,3365,25088
CNN,mnist,10,25088,427,25088,27100,[9],[0.99999258],14.832816871298302,[9],[0.9999324],14.832881,760,2423,25088
CNN,mnist,10,25088,428,25088,37746,[8],[0.99908186],11.79462927127894,[8],[0.99987507],11.7938385,760,15514,25088
CNN,mnist,10,25088,429,25088,31947,[9],[0.99985526],15.1847207811413,[9],[0.9996488],15.184923,507,8980,25088
CNN,mnist,10,25088,430,25088,27275,[7],[0.99999971],19.0897295986537,[7],[0.9999989],19.089733,760,2765,25088
CNN,mnist,10,25088,431,25088,29840,[0],[0.99999211],15.180398244474096,[0],[0.99996316],15.180423,399,6136,25088
CNN,mnist,10,25088,432,25088,31612,[5],[0.99999486],17.668055909550425,[5],[0.9999354],17.66811,897,5848,25088
CNN,mnist,10,25088,433,25088,32303,[1],[0.99994768],14.054730280582637,[1],[0.99985516],14.054824,327,8599,25088
CNN,mnist,10,25088,434,25088,29789,[7],[0.99998124],14.712768242499315,[7],[0.9999758],14.712771,669,5999,25088
CNN,mnist,10,25088,435,25088,28202,[7],[0.99999976],19.212219480256817,[7],[0.9999999],19.212217,696,3525,25088
CNN,mnist,10,25088,436,25088,28532,[7],[0.99998075],15.232248482930194,[7],[0.9999627],15.232267,507,4891,25088
CNN,mnist,10,25088,437,25088,27464,[7],[0.99999714],17.92117213798789,[7],[0.99999964],17.92116,327,2787,25088
CNN,mnist,10,25088,438,25088,27608,[4],[0.99999599],20.814777565591793,[4],[1.],20.814766,525,3467,25088
CNN,mnist,10,25088,439,25088,33853,[8],[0.99999608],16.500305284286856,[8],[0.9999943],16.5003,327,10841,25088
CNN,mnist,10,25088,440,25088,28341,[7],[0.99996588],14.130412840071077,[7],[0.99994826],14.130423,266,4176,25088
CNN,mnist,10,25088,441,25088,28004,[1],[0.99999016],14.436896631659533,[1],[0.9999943],14.436896,266,3532,25088
CNN,mnist,10,25088,442,25088,32401,[3],[0.99999975],17.06804682179233,[3],[0.99999845],17.068043,598,8697,25088
CNN,mnist,10,25088,443,25088,30119,[6],[0.99995172],17.095991736157558,[6],[0.9999875],17.095959,446,6415,25088
CNN,mnist,10,25088,444,25088,28414,[6],[0.99999143],16.990807518568502,[6],[0.9999988],16.9908,593,3160,25088
CNN,mnist,10,25088,445,25088,32014,[5],[0.99948094],13.533098620294316,[5],[0.99986875],13.532707,507,6942,25088
CNN,mnist,10,25088,446,25088,26336,[4],[0.99999997],21.38266184914426,[4],[1.],21.38266,507,870,25088
CNN,mnist,10,25088,447,25088,26910,[5],[1.],24.33720398014313,[5],[1.],24.3372,598,2438,25088
CNN,mnist,10,25088,448,25088,26719,[9],[0.99999991],19.505981534108535,[9],[0.99999976],19.505985,507,2042,25088
CNN,mnist,10,25088,449,25088,28969,[8],[1.],21.12928963079288,[8],[1.],21.129288,598,4497,25088
CNN,mnist,10,25088,450,25088,34919,[4],[0.99988374],15.820041571585673,[4],[0.9999708],15.819944,598,11907,25088
CNN,mnist,10,25088,451,25088,29349,[4],[0.99999986],18.55917944657885,[4],[1.],18.559181,456,5645,25088
CNN,mnist,10,25088,452,25088,44637,[8],[0.98553241],10.51911752793954,[8],[0.98803616],10.516576,598,45394,25088
CNN,mnist,10,25088,453,25088,31067,[4],[0.99997913],14.442716488615412,[4],[0.9999927],14.442707,399,8055,25088
CNN,mnist,10,25088,454,25088,34237,[9],[0.99968928],15.207145558810337,[9],[0.99990046],15.206925,507,11225,25088
CNN,mnist,10,25088,455,25088,26763,[7],[1.],25.964878085409865,[7],[1.],25.964878,490,2291,25088
CNN,mnist,10,25088,456,25088,27191,[3],[0.99987962],14.000709760317847,[3],[0.9998528],14.000738,760,2514,25088
CNN,mnist,10,25088,457,25088,27107,[1],[0.99976626],14.525974393862466,[1],[0.99998796],14.525756,263,2635,25088
CNN,mnist,10,25088,458,25088,28193,[0],[0.99999999],20.53372955974464,[0],[1.],20.533722,760,3721,25088
CNN,mnist,10,25088,459,25088,28969,[3],[0.99999881],20.400525330196675,[3],[1.],20.400518,598,4330,25088
CNN,mnist,10,25088,460,25088,27477,[9],[0.99999984],20.879856268549055,[9],[1.],20.879858,507,3197,25088
CNN,mnist,10,25088,461,25088,37676,[3],[0.99859035],12.42290799081944,[3],[0.998396],12.4231,507,17259,25088
CNN,mnist,10,25088,462,25088,27616,[5],[0.99999999],18.936365138995942,[5],[0.9999993],18.936361,760,3610,25088
CNN,mnist,10,25088,463,25088,29014,[3],[0.99999972],18.98417691792158,[3],[1.],18.984175,654,5310,25088
CNN,mnist,10,25088,464,25088,30722,[2],[0.99999785],18.648309949436356,[2],[0.99999976],18.648304,684,6231,25088
CNN,mnist,10,25088,465,25088,28680,[9],[0.99999475],18.291112429008653,[9],[0.9999994],18.291111,464,4976,25088
CNN,mnist,10,25088,466,25088,31945,[9],[0.99993261],15.629587811963923,[9],[0.9999882],15.629528,350,8933,25088
CNN,mnist,10,25088,467,25088,32326,[8],[0.99999997],21.785484344172872,[8],[1.],21.785484,507,8455,25088
CNN,mnist,10,25088,468,25088,30086,[7],[0.99998972],14.239435936025892,[7],[0.99998224],14.239438,507,6382,25088
CNN,mnist,10,25088,469,25088,31455,[1],[0.99999968],17.02498658354771,[1],[0.9999999],17.024994,399,7751,25088
CNN,mnist,10,25088,470,25088,25742,[5],[0.99995353],18.380127649030744,[5],[0.9999987],18.380077,490,889,25088
CNN,mnist,10,25088,471,25088,29231,[4],[1.],24.475318909262796,[4],[1.],24.475323,507,4759,25088
CNN,mnist,10,25088,472,25088,32594,[2],[0.99996407],15.576562576106841,[2],[0.99999785],15.576525,525,8290,25088
CNN,mnist,10,25088,473,25088,37910,[9],[0.9982357],11.279080994873006,[9],[0.99974436],11.277571,507,14898,25088
CNN,mnist,10,25088,474,25088,27898,[2],[0.99999821],25.43858898183548,[2],[1.],25.438599,897,3352,25088
CNN,mnist,10,25088,475,25088,28242,[1],[0.99999831],16.07548882622327,[1],[0.9999995],16.075485,266,3770,25088
CNN,mnist,10,25088,476,25088,27981,[3],[0.99999976],21.669056173839767,[3],[1.],21.66905,897,2522,25088
CNN,mnist,10,25088,477,25088,34335,[4],[0.99948504],11.667531121655456,[4],[0.98925483],11.677816,490,12361,25088
CNN,mnist,10,25088,478,25088,27752,[2],[0.9999999],19.675588709225106,[2],[0.9999999],19.67559,598,3215,25088
CNN,mnist,10,25088,479,25088,26188,[1],[0.99903799],13.426758028666871,[1],[0.9999943],13.425804,266,1374,25088
CNN,mnist,10,25088,480,25088,32630,[1],[0.9997886],11.332804382520433,[1],[0.9999093],11.332686,266,9618,25088
CNN,mnist,10,25088,481,25088,33362,[8],[0.99999508],17.285437730863904,[8],[0.9999976],17.285429,737,9658,25088
CNN,mnist,10,25088,482,25088,28536,[8],[0.99999984],21.518882914678024,[8],[0.9999999],21.518875,735,4064,25088
CNN,mnist,10,25088,483,25088,28057,[0],[0.99997328],16.12890626364285,[0],[0.9999976],16.12888,411,3585,25088
CNN,mnist,10,25088,484,25088,31588,[6],[0.99999985],17.9459744997,[6],[0.99999976],17.945969,507,7872,25088
CNN,mnist,10,25088,485,25088,28513,[4],[1.],23.237213135715233,[4],[1.],23.237207,760,3874,25088
CNN,mnist,10,25088,486,25088,26183,[1],[0.99974498],11.540226406381848,[1],[0.9999461],11.540026,266,1506,25088
CNN,mnist,10,25088,487,25088,27889,[0],[0.99997442],15.794906445954044,[0],[0.9999962],15.794886,395,3417,25088
CNN,mnist,10,25088,488,25088,28232,[0],[0.99999985],18.086624296137728,[0],[0.99999964],18.086624,429,3760,25088
CNN,mnist,10,25088,489,25088,28740,[0],[0.99985916],14.919480981800202,[0],[0.99999],14.919353,507,4268,25088
CNN,mnist,10,25088,490,25088,28308,[1],[0.99997432],16.082913329259327,[1],[0.99999976],16.082886,266,3836,25088
CNN,mnist,10,25088,491,25088,29737,[1],[0.99998684],13.72663669744333,[1],[0.9999871],13.726642,225,6033,25088
CNN,mnist,10,25088,492,25088,28264,[7],[0.99994686],14.344616628383614,[7],[0.99997747],14.344581,338,4099,25088
CNN,mnist,10,25088,493,25088,29349,[8],[1.],26.31077957340445,[8],[1.],26.310783,598,5645,25088
CNN,mnist,10,25088,494,25088,32737,[3],[0.99998491],15.654150791445874,[3],[0.9999919],15.654146,897,9695,25088
CNN,mnist,10,25088,495,25088,45064,[7],[0.82266341],7.195383612589786,[7],[0.8310127],7.185285,507,26983,25088
CNN,mnist,10,25088,496,25088,29590,[4],[0.99928838],15.11318249553673,[4],[0.99992645],15.112544,507,5874,25088
CNN,mnist,10,25088,497,25088,28042,[7],[0.99999989],18.79858409705151,[7],[0.9999999],18.798582,327,3365,25088
CNN,mnist,10,25088,498,25088,27848,[5],[0.99993763],13.739776044471762,[5],[0.99941313],13.740301,643,3376,25088
CNN,mnist,10,25088,499,25088,37468,[4],[0.99732609],11.67823653153591,[4],[0.9941981],11.681376,598,14456,25088
CNN,mnist,10,25088,500,25088,30710,[6],[0.99997328],16.486518879384114,[6],[0.999998],16.486488,507,6839,25088
CNN,mnist,10,25088,501,25088,30831,[4],[0.9999993],19.48654625950318,[4],[0.99999845],19.486547,598,7127,25088
CNN,mnist,10,25088,502,25088,26834,[9],[0.99999991],17.188753218241384,[9],[0.9999989],17.188765,491,2157,25088
CNN,mnist,10,25088,503,25088,35390,[6],[0.99274743],11.391090952178311,[6],[0.9824823],11.401478,760,12824,25088
CNN,mnist,10,25088,504,25088,28039,[3],[0.99997485],16.982845660010152,[3],[0.999998],16.982819,760,3567,25088
CNN,mnist,10,25088,505,25088,28034,[1],[0.9999775],14.602757068307845,[1],[0.999997],14.602734,350,3562,25088
CNN,mnist,10,25088,506,25088,28619,[5],[0.99999988],20.03057110299145,[5],[1.],20.030571,598,3540,25088
CNN,mnist,10,25088,507,25088,31554,[7],[0.99851407],11.05964685992099,[7],[0.99201524],11.066172,598,7850,25088
CNN,mnist,10,25088,508,25088,28477,[4],[0.99999995],22.32846646647073,[4],[1.],22.328465,490,4773,25088
CNN,mnist,10,25088,509,25088,26142,[1],[0.99998978],14.832435333632674,[1],[0.99999356],14.832436,399,1237,25088
CNN,mnist,10,25088,510,25088,32511,[8],[0.99999973],21.185020718608477,[8],[1.],21.185017,760,8807,25088
CNN,mnist,10,25088,511,25088,29942,[4],[0.99999998],29.929359458201326,[4],[1.],29.929377,897,6238,25088
CNN,mnist,10,25088,512,25088,28738,[7],[0.9997144],15.633123885098394,[7],[0.9999912],15.63285,598,4266,25088
CNN,mnist,10,25088,513,25088,30675,[5],[0.99997606],14.980805492982,[5],[0.9995952],14.981181,598,7578,25088
CNN,mnist,10,25088,514,25088,29532,[2],[0.99961468],14.838070981967205,[2],[0.99999285],14.837696,598,5433,25088
CNN,mnist,10,25088,515,25088,27593,[8],[1.],22.064018251362718,[8],[1.],22.064018,507,3121,25088
CNN,mnist,10,25088,516,25088,28741,[6],[0.99999053],15.384100846402514,[6],[0.99999905],15.384091,507,5037,25088
CNN,mnist,10,25088,517,25088,28581,[4],[0.99999931],26.609060978659805,[4],[1.],26.609062,598,4096,25088
CNN,mnist,10,25088,518,25088,30200,[4],[0.9999985],17.15812070589436,[4],[0.9999995],17.158115,598,6496,25088
CNN,mnist,10,25088,519,25088,34830,[8],[0.99999963],16.38960684499762,[8],[0.99999666],16.389614,598,11126,25088
CNN,mnist,10,25088,520,25088,27632,[5],[0.99999991],20.138733001220633,[5],[1.],20.138721,399,3046,25088
CNN,mnist,10,25088,521,25088,40776,[5],[0.90593799],10.231617903556893,[5],[0.83709836],10.310647,760,26160,25088
CNN,mnist,10,25088,522,25088,38653,[7],[0.92572778],12.527608787729045,[7],[0.9214751],12.532211,760,18236,25088
CNN,mnist,10,25088,523,25088,30978,[9],[0.9999588],13.646641928428293,[9],[0.99985397],13.646746,452,7966,25088
CNN,mnist,10,25088,524,25088,26674,[8],[1.],22.655342106440145,[8],[1.],22.655344,507,1769,25088
CNN,mnist,10,25088,525,25088,27684,[7],[0.99986893],13.317252587771838,[7],[0.9997056],13.317414,507,2801,25088
CNN,mnist,10,25088,526,25088,27965,[1],[0.99999772],13.894812958885138,[1],[0.99997807],13.894837,266,3288,25088
CNN,mnist,10,25088,527,25088,44520,[2],[0.95739602],8.820361202667929,[2],[0.9539137],8.824005,598,24083,25088
CNN,mnist,10,25088,528,25088,33737,[4],[0.99999987],19.550682196014098,[4],[0.9999995],19.550678,760,10725,25088
CNN,mnist,10,25088,529,25088,29607,[7],[0.99972677],17.458056012088438,[7],[0.99999964],17.457779,399,5135,25088
CNN,mnist,10,25088,530,25088,29045,[7],[0.99946362],12.515251713610064,[7],[0.99979013],12.514925,266,4573,25088
CNN,mnist,10,25088,531,25088,32861,[1],[0.99999118],15.232732053607819,[1],[0.999987],15.2327385,327,9157,25088
CNN,mnist,10,25088,532,25088,28883,[4],[0.99999991],21.0540657980334,[4],[1.],21.054066,598,5008,25088
CNN,mnist,10,25088,533,25088,31342,[6],[0.999996],19.310770222810998,[6],[0.9999999],19.310766,490,7630,25088
CNN,mnist,10,25088,534,25088,27910,[6],[0.99998463],14.15699397810864,[6],[0.99999654],14.156977,507,3564,25088
CNN,mnist,10,25088,535,25088,30842,[2],[0.99754471],12.254035687343144,[2],[0.9987214],12.25285,598,6348,25088
CNN,mnist,10,25088,536,25088,28206,[9],[0.99999564],16.503553939436078,[9],[0.9999919],16.503557,507,4343,25088
CNN,mnist,10,25088,537,25088,29014,[4],[0.99999914],19.2955140164226,[4],[1.],19.295506,669,4398,25088
CNN,mnist,10,25088,538,25088,26384,[9],[0.99999993],20.12890632286308,[9],[0.99999917],20.128906,598,1538,25088
CNN,mnist,10,25088,539,25088,27983,[3],[0.99999984],17.985801855669727,[3],[0.9999995],17.985798,507,3366,25088
CNN,mnist,10,25088,540,25088,47243,[6],[0.82669607],9.376298006958708,[6],[0.83941495],9.361028,418,32665,25088
CNN,mnist,10,25088,541,25088,30358,[1],[0.99997503],14.62073820552852,[1],[0.9999832],14.620732,327,6654,25088
CNN,mnist,10,25088,542,25088,39293,[3],[0.98767609],8.873420564152521,[3],[0.9877479],8.873347,399,21204,25088
CNN,mnist,10,25088,543,25088,31433,[9],[0.99984461],14.216298059235108,[9],[0.9998305],14.216319,507,7664,25088
CNN,mnist,10,25088,544,25088,33602,[4],[0.9999556],12.29753929221587,[4],[0.9995353],12.297958,490,10590,25088
CNN,mnist,10,25088,545,25088,26555,[1],[0.99999918],15.583737244032648,[1],[0.99999845],15.58374,399,1878,25088
CNN,mnist,10,25088,546,25088,27571,[9],[0.99986173],16.263537401576837,[9],[0.9999931],16.263412,399,3099,25088
CNN,mnist,10,25088,547,25088,33103,[7],[0.9923776],9.550677573883325,[7],[0.9925101],9.55054,266,10091,25088
CNN,mnist,10,25088,548,25088,36019,[6],[0.98865411],12.014653240582026,[6],[0.99604344],12.007207,598,7624,25088
CNN,mnist,10,25088,549,25088,31553,[0],[0.99850557],11.631618685561739,[0],[0.9995573],11.630564,593,7257,25088
CNN,mnist,10,25088,550,25088,32554,[2],[0.99999897],16.71931560582661,[2],[0.9999987],16.71932,399,8850,25088
CNN,mnist,10,25088,551,25088,27191,[1],[0.99997049],16.959509800136892,[1],[0.99999535],16.959486,338,2347,25088
CNN,mnist,10,25088,552,25088,27537,[7],[0.99999832],17.899125830159623,[7],[0.99999976],17.899124,446,3045,25088
CNN,mnist,10,25088,553,25088,30086,[7],[0.99979548],14.241532782718654,[7],[0.9999696],14.241358,399,6382,25088
CNN,mnist,10,25088,554,25088,32678,[8],[0.9999253],15.76978905416866,[8],[0.99999404],15.76972,507,8974,25088
CNN,mnist,10,25088,555,25088,30228,[3],[0.99999956],19.322218378783088,[3],[1.],19.322218,399,6524,25088
CNN,mnist,10,25088,556,25088,28607,[6],[0.99999474],17.55808783874767,[6],[0.99999905],17.558083,399,4442,25088
CNN,mnist,10,25088,557,25088,35035,[1],[0.99988431],10.589699090931997,[1],[0.99951005],10.590077,327,11331,25088
CNN,mnist,10,25088,558,25088,28574,[6],[0.99995321],15.125485478682107,[6],[0.9999876],15.125452,327,4870,25088
CNN,mnist,10,25088,559,25088,28118,[6],[0.99999907],18.778908708061092,[6],[0.99999976],18.778902,598,3646,25088
CNN,mnist,10,25088,560,25088,26058,[1],[0.99895406],13.162150690136553,[1],[0.9998982],13.16121,266,1153,25088
CNN,mnist,10,25088,561,25088,31204,[9],[0.99947174],14.314059324290858,[9],[0.9999212],14.313614,507,7500,25088
CNN,mnist,10,25088,562,25088,30748,[5],[0.99999705],16.772379964469742,[5],[0.99999785],16.772379,507,5676,25088
CNN,mnist,10,25088,563,25088,31667,[4],[0.99962859],15.473875545423248,[4],[0.9996846],15.4738245,399,8655,25088
CNN,mnist,10,25088,564,25088,28908,[4],[0.999997],21.521342418681055,[4],[0.9999999],21.521343,399,4436,25088
CNN,mnist,10,25088,565,25088,28741,[9],[0.99999401],13.77845982114754,[9],[0.9997993],13.778652,507,4269,25088
CNN,mnist,10,25088,566,25088,28293,[2],[0.99999997],21.09948352418978,[2],[0.9999999],21.099483,735,3138,25088
CNN,mnist,10,25088,567,25088,27868,[2],[0.99999992],21.35627945268091,[2],[1.],21.356283,490,3396,25088
CNN,mnist,10,25088,568,25088,29402,[0],[0.99998799],15.942161174813066,[0],[0.9999945],15.942154,598,4930,25088
CNN,mnist,10,25088,569,25088,30535,[3],[0.99999742],19.737223339234912,[3],[0.9999939],19.737226,760,4849,25088
CNN,mnist,10,25088,570,25088,27236,[0],[0.99999443],16.96912559228995,[0],[0.99999905],16.96911,507,2559,25088
CNN,mnist,10,25088,571,25088,28206,[2],[0.99999257],17.077714718581483,[2],[0.9998548],17.077856,735,3734,25088
CNN,mnist,10,25088,572,25088,30447,[6],[0.99999945],17.546276644369186,[6],[0.99999726],17.546276,507,6743,25088
CNN,mnist,10,25088,573,25088,27200,[6],[0.99995116],17.642733776633403,[6],[0.9999999],17.642689,507,2511,25088
CNN,mnist,10,25088,574,25088,27224,[3],[0.9999998],21.799183093851717,[3],[1.],21.799183,598,2527,25088
CNN,mnist,10,25088,575,25088,28163,[5],[1.],20.297105789714873,[5],[0.9999999],20.29711,598,3691,25088
CNN,mnist,10,25088,576,25088,32349,[8],[0.99999551],20.368651110747393,[8],[0.9999999],20.368645,490,8645,25088
CNN,mnist,10,25088,577,25088,36980,[8],[0.99340802],15.0944662857293,[8],[0.9895801],15.098323,760,18881,25088
CNN,mnist,10,25088,578,25088,28764,[3],[0.99999971],19.36626463504289,[3],[0.9999999],19.366262,507,4292,25088
CNN,mnist,10,25088,579,25088,30838,[3],[0.99983695],15.269309027415144,[3],[0.9998596],15.269282,696,6554,25088
CNN,mnist,10,25088,580,25088,33781,[3],[0.99755162],7.75434918954037,[3],[0.96743697],7.785002,598,10769,25088
CNN,mnist,10,25088,581,25088,30375,[6],[0.99999822],15.767535084286617,[6],[0.99999905],15.76753,507,6671,25088
CNN,mnist,10,25088,582,25088,28090,[1],[0.99696967],11.0142434642051,[1],[0.99962485],11.01158,399,5070,25088
CNN,mnist,10,25088,583,25088,27626,[0],[0.99998888],17.26272932220059,[0],[0.99999917],17.262714,490,2554,25088
CNN,mnist,10,25088,584,25088,29554,[3],[0.99999925],20.361931593723366,[3],[1.],20.361927,598,5850,25088
CNN,mnist,10,25088,585,25088,27305,[3],[0.99999401],16.22386005886051,[3],[0.99999666],16.223858,490,2825,25088
CNN,mnist,10,25088,586,25088,29509,[8],[1.],28.516262054580473,[8],[1.],28.51625,598,5805,25088
CNN,mnist,10,25088,587,25088,28883,[7],[0.99999862],16.452947084563856,[7],[0.9999925],16.45295,491,5179,25088
CNN,mnist,10,25088,588,25088,28723,[9],[0.99997014],16.668652828930547,[9],[0.9999901],16.668638,399,5019,25088
CNN,mnist,10,25088,589,25088,29471,[3],[0.99999878],16.14128425391991,[3],[0.99997044],16.14131,598,5767,25088
CNN,mnist,10,25088,590,25088,25817,[9],[0.99999938],19.284561779236274,[9],[0.9999988],19.28456,507,912,25088
CNN,mnist,10,25088,591,25088,29339,[2],[0.99991561],14.521235939325583,[2],[0.9997274],14.521431,598,5623,25088
CNN,mnist,10,25088,592,25088,28809,[0],[0.99949315],10.766454319135693,[0],[0.99893636],10.767012,598,5105,25088
CNN,mnist,10,25088,593,25088,30368,[7],[0.99995338],18.62075318214459,[7],[0.9999826],18.620718,616,7356,25088
CNN,mnist,10,25088,594,25088,30679,[4],[0.99987503],15.24895577016067,[4],[0.9996202],15.249208,399,6975,25088
CNN,mnist,10,25088,595,25088,33362,[2],[0.9999996],20.49930803105714,[2],[1.],20.499323,1003,9658,25088
CNN,mnist,10,25088,596,25088,28103,[0],[0.99999977],17.258747326328486,[0],[0.9999993],17.258745,598,3426,25088
CNN,mnist,10,25088,597,25088,27359,[1],[0.999996],16.291774938040305,[1],[0.9999993],16.291775,304,2682,25088
CNN,mnist,10,25088,598,25088,30949,[4],[0.99999629],17.886886490746345,[4],[0.9999999],17.886877,507,6653,25088
CNN,mnist,10,25088,599,25088,28559,[1],[0.99997952],15.596269111368494,[1],[0.9999976],15.596247,407,3882,25088
CNN,mnist,10,25088,600,25088,29348,[9],[0.99999999],22.09443665338025,[9],[1.],22.094437,491,5644,25088
CNN,mnist,10,25088,601,25088,26633,[9],[0.99999954],19.923441396936163,[9],[1.],19.923439,507,1956,25088
CNN,mnist,10,25088,602,25088,29437,[6],[0.99999974],19.96935298053229,[6],[0.9999995],19.969353,598,3761,25088
CNN,mnist,10,25088,603,25088,30374,[3],[0.99999996],22.958431284839357,[3],[1.],22.95843,760,6670,25088
CNN,mnist,10,25088,604,25088,29612,[3],[0.99999914],17.009186650992543,[3],[0.99999917],17.00919,464,5908,25088
CNN,mnist,10,25088,605,25088,30768,[4],[0.99999998],22.721420303799647,[4],[1.],22.721424,507,7644,25088
CNN,mnist,10,25088,606,25088,35066,[8],[0.99978223],12.576549887204429,[8],[0.9998697],12.5764675,598,11887,25088
CNN,mnist,10,25088,607,25088,28885,[0],[0.99980535],13.468646171172201,[0],[0.99998045],13.468469,598,4413,25088
CNN,mnist,10,25088,608,25088,29509,[9],[0.99997055],15.228239903442834,[9],[0.9999404],15.228269,425,5805,25088
CNN,mnist,10,25088,609,25088,29086,[5],[0.99994817],14.515605309704767,[5],[0.999796],14.5157585,598,5448,25088
CNN,mnist,10,25088,610,25088,27988,[0],[0.99999774],17.445341466852955,[0],[0.9999963],17.44534,598,3516,25088
CNN,mnist,10,25088,611,25088,26967,[3],[0.99999972],19.058964054466784,[3],[0.9999989],19.058966,598,2270,25088
CNN,mnist,10,25088,612,25088,30677,[6],[0.99989741],15.142990664435338,[6],[0.9999703],15.142919,399,7665,25088
CNN,mnist,10,25088,613,25088,28759,[5],[0.99999997],22.288713482569108,[5],[1.],22.288713,598,2585,25088
CNN,mnist,10,25088,614,25088,28923,[7],[0.99992706],12.863394247327724,[7],[0.9997955],12.86353,491,4746,25088
CNN,mnist,10,25088,615,25088,27097,[3],[1.],20.265670780504312,[3],[1.],20.26567,598,2499,25088
CNN,mnist,10,25088,616,25088,27758,[0],[0.99999978],17.97336600728061,[0],[0.9999995],17.973368,760,4465,25088
CNN,mnist,10,25088,617,25088,33758,[1],[0.99989386],12.649272253705545,[1],[0.9999641],12.649208,399,10746,25088
CNN,mnist,10,25088,618,25088,28057,[2],[0.99999986],22.890806337439408,[2],[1.],22.89081,598,3023,25088
CNN,mnist,10,25088,619,25088,30375,[4],[0.99999088],14.174577291786585,[4],[0.9999981],14.174572,368,6671,25088
CNN,mnist,10,25088,620,25088,35370,[3],[0.99999974],19.700168873692473,[3],[0.99999964],19.700161,735,11666,25088
CNN,mnist,10,25088,621,25088,32475,[0],[0.99657847],9.20152843975424,[0],[0.9990043],9.1991005,327,8771,25088
CNN,mnist,10,25088,622,25088,27875,[1],[0.99999793],17.380449459410702,[1],[0.99999976],17.380447,350,3198,25088
CNN,mnist,10,25088,623,25088,29380,[2],[0.99997575],20.838487083451152,[2],[1.],20.838474,760,5511,25088
CNN,mnist,10,25088,624,25088,29190,[6],[0.99999848],18.3002201050798,[6],[0.9999999],18.300213,418,5486,25088
CNN,mnist,10,25088,625,25088,33808,[4],[0.9938874],11.847485724508212,[4],[0.99313414],11.848244,669,10208,25088
CNN,mnist,10,25088,626,25088,29402,[6],[0.99999422],16.762113625831944,[6],[0.9999994],16.762108,669,4543,25088
CNN,mnist,10,25088,627,25088,28559,[2],[0.99999799],17.57297145049644,[2],[0.99996865],17.573008,598,3495,25088
CNN,mnist,10,25088,628,25088,28920,[7],[0.99999982],19.705867945787745,[7],[0.9999993],19.705864,598,3848,25088
CNN,mnist,10,25088,629,25088,27644,[0],[0.99998985],17.074299475539107,[0],[0.9999995],17.07429,598,3172,25088
CNN,mnist,10,25088,630,25088,42094,[3],[0.96114309],12.538315911264649,[3],[0.9716905],12.527407,598,26156,25088
CNN,mnist,10,25088,631,25088,31006,[5],[0.99999987],21.953346382870954,[5],[0.9999999],21.953348,897,6786,25088
CNN,mnist,10,25088,632,25088,26190,[3],[0.99999998],24.594425221782746,[3],[1.],24.594429,760,1700,25088
CNN,mnist,10,25088,633,25088,28461,[1],[0.99995545],14.477233611561424,[1],[0.99997485],14.477215,266,4757,25088
CNN,mnist,10,25088,634,25088,29788,[5],[0.99999925],17.46962431389079,[5],[0.99999976],17.469627,598,6756,25088
CNN,mnist,10,25088,635,25088,28308,[1],[0.99998785],14.747633685790765,[1],[0.9999951],14.747623,263,3836,25088
CNN,mnist,10,25088,636,25088,36845,[0],[0.99168533],11.13555337517917,[0],[0.9991924],11.128011,760,13833,25088
CNN,mnist,10,25088,637,25088,27836,[2],[0.99999489],16.597644195262006,[2],[0.9999987],16.597635,760,3278,25088
CNN,mnist,10,25088,638,25088,31348,[7],[0.99992987],16.525014432985188,[7],[0.99999595],16.524939,399,7644,25088
CNN,mnist,10,25088,639,25088,28559,[2],[0.99999512],18.406439894786963,[2],[1.],18.406437,436,3882,25088
CNN,mnist,10,25088,640,25088,33348,[9],[0.997085],14.983730375216366,[9],[0.9999113],14.980904,507,10336,25088
CNN,mnist,10,25088,641,25088,28953,[4],[0.99999903],22.622546217125457,[4],[1.],22.622545,760,5903,25088
CNN,mnist,10,25088,642,25088,30041,[7],[0.99931203],12.764150273320721,[7],[0.99986565],12.763593,399,7029,25088
CNN,mnist,10,25088,643,25088,28647,[6],[0.99999957],20.168184707732713,[6],[1.],20.168184,598,3571,25088
CNN,mnist,10,25088,644,25088,26691,[9],[0.99999381],18.65903138190829,[9],[0.9999993],18.659023,507,2219,25088
CNN,mnist,10,25088,645,25088,47831,[8],[0.98470922],8.79443301676652,[8],[0.9829475],8.796223,327,29750,25088
CNN,mnist,10,25088,646,25088,30868,[5],[0.99998841],17.224506523293737,[5],[0.99999154],17.2245,436,7848,25088
CNN,mnist,10,25088,647,25088,28556,[1],[0.99997785],12.444503042934006,[1],[0.9999647],12.444519,266,4852,25088
CNN,mnist,10,25088,648,25088,28740,[8],[0.99999992],21.423795777390023,[8],[0.9999999],21.423801,760,37142,25088
CNN,mnist,10,25088,649,25088,28331,[1],[0.99995888],15.147756692183899,[1],[0.9999994],15.147722,225,3654,25088
CNN,mnist,10,25088,650,25088,28620,[1],[0.99999908],15.564747771872039,[1],[0.99999964],15.564743,266,4916,25088
CNN,mnist,10,25088,651,25088,28440,[6],[0.9999991],13.5603723002381,[6],[0.99726295],13.56311,490,4696,25088
CNN,mnist,10,25088,652,25088,28401,[0],[0.99999825],17.366165007691457,[0],[0.9999994],17.366154,399,4294,25088
CNN,mnist,10,25088,653,25088,30261,[8],[0.99999896],18.36134251378014,[8],[0.9999993],18.36134,490,6557,25088
CNN,mnist,10,25088,654,25088,27836,[0],[0.99999537],17.975037433501488,[0],[0.9999994],17.975033,598,3364,25088
CNN,mnist,10,25088,655,25088,32133,[1],[0.99899928],13.689324244688827,[1],[0.9996643],13.688661,327,10159,25088
CNN,mnist,10,25088,656,25088,31302,[5],[0.99999999],20.34714318361091,[5],[0.9999999],20.347137,866,6831,25088
CNN,mnist,10,25088,657,25088,42074,[3],[0.96831258],11.382454388888787,[3],[0.97373545],11.37687,760,27496,25088
CNN,mnist,10,25088,658,25088,29812,[6],[0.99999987],18.71280683207007,[6],[1.],18.7128,598,4953,25088
CNN,mnist,10,25088,659,25088,31317,[5],[0.99999614],16.024618196205175,[5],[0.9999976],16.024614,598,7613,25088
CNN,mnist,10,25088,660,25088,28157,[1],[0.99996181],15.093288465087108,[1],[0.99999416],15.09325,266,4453,25088
CNN,mnist,10,25088,661,25088,33264,[0],[0.99851983],8.596788617473676,[0],[0.9983183],8.596994,507,11290,25088
CNN,mnist,10,25088,662,25088,29197,[3],[0.99999772],18.742088689364433,[3],[0.99999976],18.742088,598,4725,25088
CNN,mnist,10,25088,663,25088,30291,[4],[0.9999984],19.475585630036754,[4],[0.9999999],19.475574,399,6587,25088
CNN,mnist,10,25088,664,25088,28436,[3],[0.99999966],18.7978709784069,[3],[0.99999833],18.797869,598,4626,25088
CNN,mnist,10,25088,665,25088,29699,[9],[0.99999983],19.91944520411291,[9],[0.9999988],19.91945,760,4561,25088
CNN,mnist,10,25088,666,25088,30056,[6],[0.99999997],18.951513322232056,[6],[1.],18.951508,490,6238,25088
CNN,mnist,10,25088,667,25088,27814,[1],[0.99999212],15.874951610711118,[1],[0.99999917],15.874942,338,3137,25088
CNN,mnist,10,25088,668,25088,27032,[1],[0.9999999],16.897094824115303,[1],[0.99999964],16.89709,266,2355,25088
CNN,mnist,10,25088,669,25088,29117,[1],[0.99994064],14.104501006985656,[1],[0.9999924],14.104451,266,4952,25088
CNN,mnist,10,25088,670,25088,54896,[9],[0.54505805],10.928779561837162,[9],[0.54562974],10.927729,507,52855,25088
CNN,mnist,10,25088,671,25088,26556,[3],[1.],22.867584231134906,[3],[1.],22.867577,490,2084,25088
CNN,mnist,10,25088,672,25088,27913,[1],[0.99999398],14.22518569547552,[1],[0.9999802],14.225201,266,3441,25088
CNN,mnist,10,25088,673,25088,29265,[9],[0.99999784],17.496317157973635,[9],[0.9999436],17.496378,507,5561,25088
CNN,mnist,10,25088,674,25088,31531,[5],[0.99999996],20.293136635445414,[5],[0.9999999],20.293133,760,7827,25088
CNN,mnist,10,25088,675,25088,26126,[7],[0.9999996],23.043827452191465,[7],[1.],23.043818,418,1312,25088
CNN,mnist,10,25088,676,25088,27389,[4],[1.],25.05357361072007,[4],[1.],25.053583,760,2720,25088
CNN,mnist,10,25088,677,25088,28513,[0],[0.9999965],16.826057117098866,[0],[0.99999857],16.826052,436,4041,25088
CNN,mnist,10,25088,678,25088,29027,[6],[0.9999558],18.473123881832354,[6],[1.],18.473085,598,5135,25088
CNN,mnist,10,25088,679,25088,27875,[7],[0.99999978],19.451042390808833,[7],[0.9999988],19.451048,490,3198,25088
CNN,mnist,10,25088,680,25088,26468,[1],[0.99964578],12.53915547628683,[1],[0.9999763],12.538829,266,1791,25088
CNN,mnist,10,25088,681,25088,30580,[6],[0.99999904],17.732846269983213,[6],[0.9999999],17.73284,760,6489,25088
CNN,mnist,10,25088,682,25088,29430,[5],[0.99998788],18.269108492840303,[5],[0.9999982],18.269106,598,5726,25088
CNN,mnist,10,25088,683,25088,28943,[6],[0.99987124],16.079504990695185,[6],[0.9998338],16.079542,399,4471,25088
CNN,mnist,10,25088,684,25088,29151,[1],[0.99913487],12.214735550894005,[1],[0.9999132],12.213956,327,4679,25088
CNN,mnist,10,25088,685,25088,30084,[6],[0.9999799],14.313150482213333,[6],[0.9998871],14.313246,399,5903,25088
CNN,mnist,10,25088,686,25088,32352,[8],[0.9999997],20.568439781977748,[8],[1.],20.568436,399,9340,25088
CNN,mnist,10,25088,687,25088,29050,[9],[0.99998742],18.013161846114993,[9],[0.9999994],18.013155,507,5346,25088
CNN,mnist,10,25088,688,25088,32148,[2],[0.99943885],13.950661254668885,[2],[0.99982977],13.950268,490,9136,25088
CNN,mnist,10,25088,689,25088,25736,[5],[1.],21.075054173541417,[5],[0.99999976],21.07505,897,729,25088
CNN,mnist,10,25088,690,25088,29663,[7],[0.99872068],12.188163107656257,[7],[0.99963737],12.187244,297,5959,25088
CNN,mnist,10,25088,691,25088,31729,[4],[0.99998781],14.470222266829168,[4],[0.9999436],14.470266,490,8025,25088
CNN,mnist,10,25088,692,25088,28308,[4],[1.],28.56123352061368,[4],[1.],28.561237,737,3836,25088
CNN,mnist,10,25088,693,25088,28412,[1],[0.99999447],16.08200053782204,[1],[0.9999993],16.081993,266,3735,25088
CNN,mnist,10,25088,694,25088,27852,[1],[0.99999011],14.647269606438455,[1],[0.9999939],14.647265,266,3380,25088
CNN,mnist,10,25088,695,25088,29425,[8],[0.99999981],19.759102062548354,[8],[0.9999999],19.759098,490,5721,25088
CNN,mnist,10,25088,696,25088,27564,[3],[0.99999655],15.94916688828639,[3],[0.9999789],15.949187,525,3092,25088
CNN,mnist,10,25088,697,25088,51082,[1],[0.96461159],8.290976459971654,[1],[0.9567594],8.299155,598,30843,25088
CNN,mnist,10,25088,698,25088,27505,[5],[0.99999831],19.43687226635369,[5],[0.9999994],19.436867,598,3793,25088
CNN,mnist,10,25088,699,25088,29295,[4],[0.99999624],16.601865711865493,[4],[0.9999976],16.601864,395,4823,25088
CNN,mnist,10,25088,700,25088,28521,[2],[0.99999882],18.89778827885356,[2],[1.],18.897793,490,4041,25088
CNN,mnist,10,25088,701,25088,35035,[0],[0.99997346],12.400128203302721,[0],[0.99918765],12.400911,760,11331,25088
CNN,mnist,10,25088,702,25088,39176,[2],[0.99649861],13.916141433613898,[2],[0.9967481],13.915896,1003,21095,25088
CNN,mnist,10,25088,703,25088,28787,[1],[0.99998608],14.661776157032902,[1],[0.99999356],14.661771,266,4110,25088
CNN,mnist,10,25088,704,25088,29004,[0],[0.99999824],15.081813668048087,[0],[0.99999297],15.081815,598,4512,25088
CNN,mnist,10,25088,705,25088,28229,[7],[0.99999751],18.948462114942895,[7],[1.],18.94846,507,3552,25088
CNN,mnist,10,25088,706,25088,30155,[7],[0.99549381],10.690294040658848,[7],[0.97904325],10.706953,399,7143,25088
CNN,mnist,10,25088,707,25088,31143,[3],[0.99999837],19.09443065086104,[3],[0.9999999],19.094429,760,5676,25088
CNN,mnist,10,25088,708,25088,30193,[8],[0.99999898],17.224963255283534,[8],[0.99999964],17.22496,399,6489,25088
CNN,mnist,10,25088,709,25088,36120,[4],[0.99989136],14.050300527988998,[4],[0.9999454],14.050253,577,13088,25088
CNN,mnist,10,25088,710,25088,30573,[3],[0.99980639],16.09979536988357,[3],[0.999778],16.09982,456,7561,25088
CNN,mnist,10,25088,711,25088,29022,[4],[0.99999637],18.620136075218387,[4],[1.],18.620127,598,4919,25088
CNN,mnist,10,25088,712,25088,32633,[0],[0.99999719],16.878563827162374,[0],[0.9999988],16.878563,760,8762,25088
CNN,mnist,10,25088,713,25088,30687,[0],[0.99953975],12.217432704738139,[0],[0.9999434],12.217034,490,6983,25088
CNN,mnist,10,25088,714,25088,29965,[0],[0.9999874],15.802610595941097,[0],[0.999995],15.802602,525,6261,25088
CNN,mnist,10,25088,715,25088,31072,[3],[0.9999947],17.034513048204108,[3],[0.9999969],17.034512,760,8060,25088
CNN,mnist,10,25088,716,25088,26840,[3],[0.99999266],18.424941728864113,[3],[0.9999999],18.424932,490,2368,25088
CNN,mnist,10,25088,717,25088,29714,[3],[0.99999882],17.979510531742754,[3],[0.9999995],17.979506,507,6010,25088
CNN,mnist,10,25088,718,25088,31736,[3],[0.99988736],15.882173649450012,[3],[0.9999845],15.882074,507,7045,25088
CNN,mnist,10,25088,719,25088,28969,[1],[0.99996922],15.183424256524649,[1],[0.9999987],15.183387,266,4497,25088
CNN,mnist,10,25088,720,25088,28787,[3],[0.99999956],20.62122007468166,[3],[1.],20.621216,507,4110,25088
CNN,mnist,10,25088,721,25088,34666,[2],[0.99904623],13.372116635421936,[2],[0.99988353],13.371272,399,12692,25088
CNN,mnist,10,25088,722,25088,30939,[4],[0.99999977],20.78919243458515,[4],[0.9999989],20.789194,525,6774,25088
CNN,mnist,10,25088,723,25088,28104,[9],[0.99999828],20.749740410507496,[9],[0.9999999],20.749737,598,4400,25088
CNN,mnist,10,25088,724,25088,28164,[1],[0.99999432],15.05405040834086,[1],[0.9999989],15.054053,286,3487,25088
CNN,mnist,10,25088,725,25088,30047,[3],[0.99925342],3.727225912804163,[5],[0.99960715],11.650147,598,7646,25088
CNN,mnist,10,25088,726,25088,26687,[1],[0.99991738],12.499771729297413,[1],[0.99995553],12.499732,225,2010,25088
CNN,mnist,10,25088,727,25088,29797,[0],[0.99991642],16.55043949722245,[0],[0.9999896],16.550356,552,6093,25088
CNN,mnist,10,25088,728,25088,27867,[3],[1.],23.02640533727906,[3],[1.],23.02641,490,3137,25088
CNN,mnist,10,25088,729,25088,25842,[3],[0.99999962],13.980553049492189,[3],[0.99994993],13.9805975,598,184,25088
CNN,mnist,10,25088,730,25088,28407,[0],[0.99999877],19.0902588731741,[0],[1.],19.090254,552,3935,25088
CNN,mnist,10,25088,731,25088,30570,[5],[0.99997035],15.904358947489872,[5],[0.9999982],15.904333,760,5873,25088
CNN,mnist,10,25088,732,25088,32486,[0],[0.99876778],10.626227256682759,[0],[0.99909747],10.625899,598,7674,25088
CNN,mnist,10,25088,733,25088,35132,[5],[0.99447394],11.981413422499362,[5],[0.9984397],11.977429,598,13738,25088
CNN,mnist,10,25088,734,25088,31826,[2],[0.99999786],19.236322638233894,[2],[1.],19.236324,598,8122,25088
CNN,mnist,10,25088,735,25088,40311,[8],[0.9958957],11.73157741743564,[8],[0.99088216],11.736631,897,19894,25088
CNN,mnist,10,25088,736,25088,59885,[6],[0.59061787],4.943156239299055,[8],[0.9999976],17.883932,399,57054,25088
CNN,mnist,10,25088,737,25088,38841,[2],[0.96310076],9.685607497775887,[2],[0.9728064],9.675586,598,20760,25088
CNN,mnist,10,25088,738,25088,29357,[7],[0.99999994],19.07464033801415,[7],[0.9999951],19.074648,760,5782,25088
CNN,mnist,10,25088,739,25088,42280,[8],[0.99769386],14.383117635662797,[8],[0.9989926],14.381818,798,20503,25088
CNN,mnist,10,25088,740,25088,27009,[5],[0.99998928],16.226283300615496,[5],[0.9999988],16.226274,598,2537,25088
CNN,mnist,10,25088,741,25088,28368,[4],[1.],23.8871479041302,[4],[1.],23.88715,490,3896,25088
CNN,mnist,10,25088,742,25088,28931,[9],[0.99999902],16.692090056631343,[9],[0.9999938],16.692091,507,5227,25088
CNN,mnist,10,25088,743,25088,31963,[4],[0.99999998],19.755813622691857,[4],[1.],19.755814,760,8259,25088
CNN,mnist,10,25088,744,25088,27921,[1],[0.99995831],15.369176591494325,[1],[0.99999917],15.369134,266,3449,25088
CNN,mnist,10,25088,745,25088,26603,[1],[0.99998137],15.23738053473236,[1],[0.9999989],15.2373705,271,1926,25088
CNN,mnist,10,25088,746,25088,29811,[5],[0.99999563],16.84442576114083,[5],[0.9999863],16.844442,598,5646,25088
CNN,mnist,10,25088,747,25088,26606,[1],[0.99996657],14.836092048755386,[1],[0.9999882],14.83607,266,1701,25088
CNN,mnist,10,25088,748,25088,38551,[5],[0.99803759],14.287446743417116,[5],[0.9981566],14.287332,760,16094,25088
CNN,mnist,10,25088,749,25088,29850,[4],[0.9999997],17.293091122124398,[4],[0.9999999],17.293095,669,6146,25088
CNN,mnist,10,25088,750,25088,33857,[0],[0.99905151],12.129459415949425,[0],[0.99864894],12.129861,760,10153,25088
CNN,mnist,10,25088,751,25088,31120,[1],[0.99993424],14.137478784035245,[1],[0.99998426],14.137427,266,7416,25088
CNN,mnist,10,25088,752,25088,25899,[5],[0.99999851],17.715497548647182,[5],[0.9999651],17.715542,1003,835,25088
CNN,mnist,10,25088,753,25088,35932,[4],[0.99998657],22.606054382038895,[4],[0.9999999],22.606045,855,12920,25088
CNN,mnist,10,25088,754,25088,29049,[2],[0.99999999],25.490844736211844,[2],[1.],25.490852,552,4577,25088
CNN,mnist,10,25088,755,25088,28186,[2],[0.99999885],21.086489870419232,[2],[1.],21.086498,787,3046,25088
CNN,mnist,10,25088,756,25088,32526,[8],[0.99999989],20.80990802397098,[8],[1.],20.809912,491,8822,25088
CNN,mnist,10,25088,757,25088,26497,[1],[0.99997358],13.974458415740466,[1],[0.999995],13.9744425,368,1820,25088
CNN,mnist,10,25088,758,25088,32071,[7],[0.99977546],11.921752424383977,[7],[0.99987996],11.921648,236,8367,25088
CNN,mnist,10,25088,759,25088,33789,[4],[0.99988612],11.816513457905454,[4],[0.9999175],11.816481,490,10777,25088
CNN,mnist,10,25088,760,25088,28987,[3],[0.99999978],22.440990663120832,[3],[1.],22.440979,598,5271,25088
CNN,mnist,10,25088,761,25088,31484,[3],[0.99999669],15.749642818107345,[3],[0.9999975],15.749643,760,6664,25088
CNN,mnist,10,25088,762,25088,29179,[4],[0.99999913],18.78148738347099,[4],[0.99999356],18.781488,598,5455,25088
CNN,mnist,10,25088,763,25088,29783,[4],[0.99999997],25.847948101178062,[4],[1.],25.847954,490,6071,25088
CNN,mnist,10,25088,764,25088,26863,[4],[0.99999474],20.10934783422455,[4],[1.],20.10934,507,2285,25088
CNN,mnist,10,25088,765,25088,29817,[6],[0.99999939],18.298061976280707,[6],[0.9999999],18.298058,490,6113,25088
CNN,mnist,10,25088,766,25088,37116,[3],[0.99994803],12.25794171683802,[3],[0.99985814],12.258031,593,14104,25088
CNN,mnist,10,25088,767,25088,27773,[7],[0.99999356],19.257010227970714,[7],[0.9999999],19.256998,425,3228,25088
CNN,mnist,10,25088,768,25088,29112,[6],[0.99996693],16.214958834555993,[6],[0.9999913],16.21494,399,4939,25088
CNN,mnist,10,25088,769,25088,27965,[1],[0.99999891],16.271212710569568,[1],[0.9999981],16.271215,399,3288,25088
CNN,mnist,10,25088,770,25088,28670,[5],[0.99998336],19.91731018455914,[5],[0.999998],19.917297,598,6502,25088
CNN,mnist,10,25088,771,25088,28644,[2],[0.99992766],15.357562878551093,[2],[0.99991524],15.357575,598,4940,25088
CNN,mnist,10,25088,772,25088,35733,[5],[0.99993784],14.561176468920472,[5],[0.999724],14.561387,593,12739,25088
CNN,mnist,10,25088,773,25088,25908,[5],[0.99999994],19.83275419912795,[5],[0.99999964],19.832748,490,216,25088
CNN,mnist,10,25088,774,25088,28763,[4],[0.99999976],24.198015452064347,[4],[1.],24.198017,760,5059,25088
CNN,mnist,10,25088,775,25088,33299,[5],[0.99999964],21.229378110375162,[5],[0.9999999],21.229374,760,10249,25088
CNN,mnist,10,25088,776,25088,35241,[5],[0.99999945],19.388420658356466,[5],[0.999998],19.388422,760,11894,25088
CNN,mnist,10,25088,777,25088,27643,[3],[1.],22.79333496166111,[3],[1.],22.793327,760,3088,25088
CNN,mnist,10,25088,778,25088,27709,[7],[0.99999983],19.12773912743375,[7],[0.99999976],19.127731,395,3237,25088
CNN,mnist,10,25088,779,25088,28642,[7],[0.9981797],14.165995085555126,[7],[0.99978966],14.164381,507,4938,25088
CNN,mnist,10,25088,780,25088,32063,[8],[0.99999978],19.521980503722215,[8],[0.99999976],19.52198,760,8359,25088
CNN,mnist,10,25088,781,25088,33254,[6],[0.99985332],13.840328044783373,[6],[0.9999536],13.840226,395,9550,25088
CNN,mnist,10,25088,782,25088,30101,[6],[0.99999445],14.172963924162302,[6],[0.99999094],14.172971,507,6397,25088
CNN,mnist,10,25088,783,25088,31235,[4],[0.9999931],18.36602900796522,[4],[0.9999927],18.366032,490,7128,25088
CNN,mnist,10,25088,784,25088,28787,[1],[0.99999179],15.863711934011146,[1],[0.99999595],15.8637085,266,4110,25088
CNN,mnist,10,25088,785,25088,27820,[7],[0.99999959],23.109272410645993,[7],[0.99999976],23.109264,598,3348,25088
CNN,mnist,10,25088,786,25088,34184,[2],[0.99999507],15.18282810946233,[2],[0.9999989],15.182822,598,9112,25088
CNN,mnist,10,25088,787,25088,27398,[9],[0.99999999],21.747745519346054,[9],[1.],21.747746,507,2721,25088
CNN,mnist,10,25088,788,25088,27260,[1],[0.99986374],13.601158989058206,[1],[0.9999881],13.60104,338,2583,25088
CNN,mnist,10,25088,789,25088,29766,[4],[0.99999766],17.180189569449556,[4],[0.999998],17.180187,399,5294,25088
CNN,mnist,10,25088,790,25088,29510,[3],[0.99997067],17.181757692916776,[3],[0.9999045],17.18182,760,4705,25088
CNN,mnist,10,25088,791,25088,28891,[5],[0.99999889],18.863125958787997,[5],[0.99999785],18.86313,760,5100,25088
CNN,mnist,10,25088,792,25088,29483,[3],[0.99999518],17.408471154783207,[3],[0.99999905],17.408464,525,5486,25088
CNN,mnist,10,25088,793,25088,27125,[7],[0.99999343],16.907509695406883,[7],[0.99999964],16.907501,507,2448,25088
CNN,mnist,10,25088,794,25088,26777,[9],[0.99999998],19.045276666546496,[9],[0.9999999],19.045273,507,2100,25088
CNN,mnist,10,25088,795,25088,29486,[3],[0.99997777],17.717105203657905,[3],[0.99999905],17.717072,760,6456,25088
CNN,mnist,10,25088,796,25088,31968,[2],[0.99999631],17.64869677364979,[2],[0.9999999],17.648695,703,8199,25088
CNN,mnist,10,25088,797,25088,28839,[8],[0.99999997],23.367069276146676,[8],[1.],23.367062,598,4367,25088
CNN,mnist,10,25088,798,25088,28662,[6],[0.99999986],20.343870305541135,[6],[1.],20.343872,669,4190,25088
CNN,mnist,10,25088,799,25088,32684,[3],[0.9999998],20.9186441531964,[3],[1.],20.918642,760,6943,25088
