,model,dataset,n,d,query,d_not_sparse,budget_total,best_arm_hat,p_hat_best_arm_hat,log_S_hat,best_arm,p_best_arm,log_S,budget_log_norm_estimation,budget_best_arms,budget_estimate_best_arm
0,meta-llama_Meta-Llama-3-8B,wikitext-512,128256,4096,0,4096,17122115,[43089],[0.82640106],24.035296741034944,[43089],[0.99412787],23.850513,4617261,14620085,4096
1,meta-llama_Meta-Llama-3-8B,wikitext-512,128256,4096,1,4096,23391701,[7351],[0.90477659],21.114818656825918,[7351],[0.9330593],21.084038,6925851,18246059,4096
2,meta-llama_Meta-Llama-3-8B,wikitext-512,128256,4096,2,4096,6857396,[20],[0.18076445],32.94244257429372,[20],[0.19817218],32.8505,3078156,6857396,4096
3,meta-llama_Meta-Llama-3-8B,wikitext-512,128256,4096,3,4096,28312672,[315],[0.98982506],24.101642462885724,[315],[0.98851496],24.102966,4617261,30407981,4096
4,meta-llama_Meta-Llama-3-8B,wikitext-512,128256,4096,4,4096,36372259,[323],[0.28827849],19.756012418725987,[323],[0.20196562],20.111837,6926082,30652760,4096
5,meta-llama_Meta-Llama-3-8B,wikitext-512,128256,4096,5,4096,27754659,[1174],[0.63853844],21.2825768579066,[1174],[0.6962235],21.196089,4617252,25294297,4096
6,meta-llama_Meta-Llama-3-8B,wikitext-512,128256,4096,6,4096,26688026,[87449],[0.26049979],18.262292278097366,[87449],[0.22940049],18.389427,4617302,24045972,4096
7,meta-llama_Meta-Llama-3-8B,wikitext-512,128256,4096,7,4096,34433821,[578],[0.15463561],18.383937708774923,[578],[0.16034468],18.347683,3078261,33666054,4096
8,meta-llama_Meta-Llama-3-8B,wikitext-512,128256,4096,8,4096,40927807,[96265],[0.20177169],16.349373914870306,[96265],[0.2076707],16.320557,4617306,39358530,4096
9,meta-llama_Meta-Llama-3-8B,wikitext-512,128256,4096,9,4096,37711828,[315],[0.9197082],21.824347097431865,[315],[0.9383267],21.804304,4617261,36274105,4096
10,meta-llama_Meta-Llama-3-8B,wikitext-512,128256,4096,10,4096,24483984,[10098],[0.23799216],17.839373809178383,[10098],[0.28172722],17.670673,4617261,28707257,4096
11,meta-llama_Meta-Llama-3-8B,wikitext-512,128256,4096,11,4096,29541512,[574],[0.68859211],20.864078699111065,[574],[0.70164484],20.845303,6925851,20888882,4096
12,meta-llama_Meta-Llama-3-8B,wikitext-512,128256,4096,12,4096,27547269,[9052],[0.548324],22.06703729524008,[9052],[0.55513996],22.054684,4617306,25142719,4096
13,meta-llama_Meta-Llama-3-8B,wikitext-512,128256,4096,13,4096,21535474,[279],[0.2542488],18.67696567846516,[279],[0.32699427],18.425337,6925851,20158479,4096
14,meta-llama_Meta-Llama-3-8B,wikitext-512,128256,4096,14,4096,38103038,[1027],[0.58860653],17.128696917809275,[1027],[0.4135591],17.481653,4617234,36374916,4096
15,meta-llama_Meta-Llama-3-8B,wikitext-512,128256,4096,15,4096,27494123,[311],[0.50510359],24.89483522682272,[311],[0.50159425],24.901802,4617234,25522554,4096
16,meta-llama_Meta-Llama-3-8B,wikitext-512,128256,4096,16,4096,8356101,[21312],[0.01215765],45.4206300379524,[21312],[0.00889748],45.732822,4617234,7087574,4096
17,meta-llama_Meta-Llama-3-8B,wikitext-512,128256,4096,17,4096,33400085,[4987],[0.96423309],21.468495809558686,[4987],[0.967428],21.465185,6925851,31166486,4096
18,meta-llama_Meta-Llama-3-8B,wikitext-512,128256,4096,18,4096,42986796,[1174],[0.29147032],18.822472003321785,[662],[0.34986728],19.46826,6925892,39899556,4096
19,meta-llama_Meta-Llama-3-8B,wikitext-512,128256,4096,19,4096,31659131,[27253],[0.98404256],24.812284018286345,[27253],[0.79747945],25.022495,6925851,28729626,4096
20,meta-llama_Meta-Llama-3-8B,wikitext-512,128256,4096,20,4096,22109923,[578],[0.25362202],17.774843339933874,[578],[0.25302082],17.777218,4617234,18821806,4096
21,meta-llama_Meta-Llama-3-8B,wikitext-512,128256,4096,21,4096,25664391,[616],[0.99905988],27.088659527342564,[616],[0.99860114],27.089117,4617234,24497333,4096
22,meta-llama_Meta-Llama-3-8B,wikitext-512,128256,4096,22,4096,18807029,[13176],[0.00462366],22.816468360591102,[13176],[0.1688211],19.218815,4617234,18008263,4096
23,meta-llama_Meta-Llama-3-8B,wikitext-512,128256,4096,23,4096,20899686,[364],[0.65384146],22.695905534915944,[364],[0.64641917],22.707327,4617261,17745843,4096
24,meta-llama_Meta-Llama-3-8B,wikitext-512,128256,4096,24,4096,29055438,[279],[0.29411321],22.22140634485163,[279],[0.2715206],22.301329,4617234,26965155,4096
25,meta-llama_Meta-Llama-3-8B,wikitext-512,128256,4096,25,4096,24635084,[279],[0.90671244],21.261488884252607,[279],[0.86002445],21.31435,4617261,24111443,4096
26,meta-llama_Meta-Llama-3-8B,wikitext-512,128256,4096,26,4096,31597631,[70811],[0.81571418],24.415714037715162,[70811],[0.80930495],24.423605,4617261,29471918,4096
27,meta-llama_Meta-Llama-3-8B,wikitext-512,128256,4096,27,4096,23642857,[26623],[0.56042053],19.51786482749434,[26623],[0.5616128],19.515741,6925824,19671917,4096
28,meta-llama_Meta-Llama-3-8B,wikitext-512,128256,4096,28,4096,30090627,[22806],[0.54444135],19.2440042748104,[22806],[0.5770438],19.185848,6925824,28134382,4096
29,meta-llama_Meta-Llama-3-8B,wikitext-512,128256,4096,29,4096,35002787,[19794],[0.463352],18.702018955425835,[19794],[0.44155183],18.75021,4617261,32082946,4096
30,meta-llama_Meta-Llama-3-8B,wikitext-512,128256,4096,30,4096,48064495,[220],[0.9957307],23.89808489908065,[220],[0.99664944],23.89717,4617261,42020366,4096
31,meta-llama_Meta-Llama-3-8B,wikitext-512,128256,4096,31,4096,25063313,[15201],[0.42002582],20.131057574058104,[15201],[0.4359034],20.093956,4617297,22880548,4096
32,meta-llama_Meta-Llama-3-8B,wikitext-512,128256,4096,32,4096,42296077,[2294],[0.13086874],16.910223615278046,[2294],[0.11890725],17.006079,4617252,38414923,4096
33,meta-llama_Meta-Llama-3-8B,wikitext-512,128256,4096,33,4096,31264490,[662],[0.8750453],21.372003105543214,[662],[0.8400373],21.412832,4617234,28970657,4096
34,meta-llama_Meta-Llama-3-8B,wikitext-512,128256,4096,34,4096,39815444,[662],[0.71911032],19.939947099981147,[662],[0.69158316],19.97898,6925851,33812584,4096
35,meta-llama_Meta-Llama-3-8B,wikitext-512,128256,4096,35,4096,20302035,[2550],[0.99622781],28.157669937076463,[2550],[0.99796426],28.15593,2052174,20299323,4096
36,meta-llama_Meta-Llama-3-8B,wikitext-512,128256,4096,36,4096,35501265,[9728],[0.99659378],24.381545813054633,[9728],[0.9962249],24.381912,4617261,31274110,4096
37,meta-llama_Meta-Llama-3-8B,wikitext-512,128256,4096,37,4096,33279209,[1051],[0.31514425],20.08252594561201,[1051],[0.3225045],20.059437,6925919,23822029,4096
38,meta-llama_Meta-Llama-3-8B,wikitext-512,128256,4096,38,4096,32574379,[11876],[0.31980765],18.553903517416522,[11876],[0.29294115],18.641655,3078174,30574279,4096
39,meta-llama_Meta-Llama-3-8B,wikitext-512,128256,4096,39,4096,38315067,[284],[0.96002396],21.8960578854751,[284],[0.9354978],21.921936,4617261,33830458,4096
40,meta-llama_Meta-Llama-3-8B,wikitext-512,128256,4096,40,4096,46040135,[1174],[0.58044084],20.35978237172376,[1174],[0.579522],20.36137,6925892,45761718,4096
41,meta-llama_Meta-Llama-3-8B,wikitext-512,128256,4096,41,4096,37897781,[19150],[0.27791581],17.69518236672463,[19150],[0.27332652],17.711834,4617261,33850608,4096
42,meta-llama_Meta-Llama-3-8B,wikitext-512,128256,4096,42,4096,22558308,[1427],[0.15897165],18.61861237016091,[3974],[0.210177],19.217844,6925851,19467579,4096
43,meta-llama_Meta-Llama-3-8B,wikitext-512,128256,4096,43,4096,23643537,[1023],[0.16343766],18.25686123524722,[1023],[0.14778554],18.35753,4617261,20475047,4096
44,meta-llama_Meta-Llama-3-8B,wikitext-512,128256,4096,44,4096,29649457,[2489],[0.69334658],19.211218882314967,[2489],[0.6423955],19.28754,4617252,32625650,4096
45,meta-llama_Meta-Llama-3-8B,wikitext-512,128256,4096,45,4096,18248769,[13463],[0.52234147],19.538130409114608,[13463],[0.519129],19.544304,4617234,17864632,4096
46,meta-llama_Meta-Llama-3-8B,wikitext-512,128256,4096,46,4096,34458230,[3649],[0.32048777],15.432501174236064,[3649],[0.27267212],15.594071,3078231,34642744,4096
47,meta-llama_Meta-Llama-3-8B,wikitext-512,128256,4096,47,4096,28472488,[2362],[0.23370265],17.56111039002162,[2362],[0.22845286],17.58383,4617261,25478028,4096
48,meta-llama_Meta-Llama-3-8B,wikitext-512,128256,4096,48,4096,36834032,[1418],[0.37072854],19.925442149366877,[1418],[0.37440673],19.915565,6925892,21174623,4096
49,meta-llama_Meta-Llama-3-8B,wikitext-512,128256,4096,49,4096,37112328,[6367],[0.29979646],18.51949563104442,[6367],[0.27361053],18.610893,4617363,35520374,4096
50,meta-llama_Meta-Llama-3-8B,wikitext-512,128256,4096,50,4096,26949647,[981],[0.99516294],23.4889014572657,[981],[0.99517536],23.488884,6925892,22822781,4096
51,meta-llama_Meta-Llama-3-8B,wikitext-512,128256,4096,51,4096,36918263,[2134],[0.91220185],21.337995366227915,[2134],[0.9167475],21.333025,4617234,36932070,4096
52,meta-llama_Meta-Llama-3-8B,wikitext-512,128256,4096,52,4096,25737439,[304],[0.2792468],21.05515454087261,[304],[0.2713765],21.083736,4617261,24602404,4096
53,meta-llama_Meta-Llama-3-8B,wikitext-512,128256,4096,53,4096,26631672,[11754],[0.87840558],24.494362436045037,[11754],[0.91501504],24.453531,4617261,21423793,4096
54,meta-llama_Meta-Llama-3-8B,wikitext-512,128256,4096,54,4096,32475932,[323],[0.33096393],19.17691097478262,[323],[0.33884126],19.153387,4617347,29547954,4096
55,meta-llama_Meta-Llama-3-8B,wikitext-512,128256,4096,55,4096,21619683,[323],[0.27925556],19.688969435631904,[1174],[0.41579685],20.570662,4617279,20075359,4096
56,meta-llama_Meta-Llama-3-8B,wikitext-512,128256,4096,56,4096,21925369,[566],[0.96234451],23.23171735432213,[566],[0.9746968],23.218966,3078174,19784126,4096
57,meta-llama_Meta-Llama-3-8B,wikitext-512,128256,4096,57,4096,19376359,[1124],[0.52779008],20.827710588757608,[1124],[0.4732334],20.93682,6925892,15499010,4096
58,meta-llama_Meta-Llama-3-8B,wikitext-512,128256,4096,58,4096,35707290,[279],[0.92247334],23.650305495013427,[279],[0.9351738],23.636633,3078156,33434925,4096
59,meta-llama_Meta-Llama-3-8B,wikitext-512,128256,4096,59,4096,17406395,[6781],[0.05749846],20.361673346725976,[6781],[0.34187445],18.578985,4617320,15686589,4096
60,meta-llama_Meta-Llama-3-8B,wikitext-512,128256,4096,60,4096,29865270,[374],[0.23375225],17.68663440976297,[374],[0.19960299],17.844568,6925878,27464677,4096
61,meta-llama_Meta-Llama-3-8B,wikitext-512,128256,4096,61,4096,30250752,[82],[0.99158057],24.34053400688009,[82],[0.99921346],24.332869,6926000,25823986,4096
62,meta-llama_Meta-Llama-3-8B,wikitext-512,128256,4096,62,4096,27313787,[279],[0.51456473],19.82271714788334,[279],[0.4693043],19.914787,4617279,27553352,4096
63,meta-llama_Meta-Llama-3-8B,wikitext-512,128256,4096,63,4096,31807757,[220],[0.35688222],24.50997517528593,[220],[0.35112745],24.526232,6925892,27875382,4096
64,meta-llama_Meta-Llama-3-8B,wikitext-512,128256,4096,64,4096,28230174,[220],[0.5317345],20.71571169278362,[220],[0.45949894],20.861723,4617324,26768754,4096
65,meta-llama_Meta-Llama-3-8B,wikitext-512,128256,4096,65,4096,21950103,[279],[0.4640524],20.54480782767921,[279],[0.494988],20.480272,4617234,21014695,4096
66,meta-llama_Meta-Llama-3-8B,wikitext-512,128256,4096,66,4096,30576088,[35379],[0.50027191],17.741115004374674,[35379],[0.4986968],17.744268,4617261,31617469,4096
67,meta-llama_Meta-Llama-3-8B,wikitext-512,128256,4096,67,4096,24434141,[284],[0.9576691],21.995851536249617,[284],[0.97023803],21.982813,4617324,21477639,4096
68,meta-llama_Meta-Llama-3-8B,wikitext-512,128256,4096,68,4096,21610448,[25415],[0.99903081],27.897307167845693,[25415],[0.9997459],27.896585,3078174,21279677,4096
69,meta-llama_Meta-Llama-3-8B,wikitext-512,128256,4096,69,4096,38487997,[4987],[0.905925],20.64770699422287,[4987],[0.93083966],20.62058,4617234,35393314,4096
70,meta-llama_Meta-Llama-3-8B,wikitext-512,128256,4096,70,4096,46989353,[279],[0.37647049],18.90442302601833,[279],[0.34808883],18.982805,4617261,44318903,4096
71,meta-llama_Meta-Llama-3-8B,wikitext-512,128256,4096,71,4096,22841102,[1370],[0.58844789],19.108641767669095,[1370],[0.59737766],19.093578,6925824,20368423,4096
72,meta-llama_Meta-Llama-3-8B,wikitext-512,128256,4096,72,4096,28292029,[279],[0.28170721],17.64956791203321,[279],[0.30018952],17.586021,4617261,27658176,4096
73,meta-llama_Meta-Llama-3-8B,wikitext-512,128256,4096,73,4096,33767924,[4363],[0.97419428],24.716864138423855,[4363],[0.9803003],24.710615,6925851,34701940,4096
74,meta-llama_Meta-Llama-3-8B,wikitext-512,128256,4096,74,4096,22786877,[813],[0.27889871],16.930015198437847,[813],[0.24510922],17.059162,6925892,15721664,4096
75,meta-llama_Meta-Llama-3-8B,wikitext-512,128256,4096,75,4096,27849556,[459],[0.5582586],23.402223148233194,[459],[0.47727683],23.558949,4617234,23278419,4096
76,meta-llama_Meta-Llama-3-8B,wikitext-512,128256,4096,76,4096,19878954,[279],[0.71173527],18.770598869419967,[279],[0.6710772],18.82942,4617279,19175153,4096
77,meta-llama_Meta-Llama-3-8B,wikitext-512,128256,4096,77,4096,26848520,[220],[0.99288746],23.649042787637804,[220],[0.9887212],23.653242,4617338,25366840,4096
78,meta-llama_Meta-Llama-3-8B,wikitext-512,128256,4096,78,4096,33830432,[311],[0.81251017],20.901890307897553,[872],[0.6257029],21.895638,4617365,32855287,4096
79,meta-llama_Meta-Llama-3-8B,wikitext-512,128256,4096,79,4096,35188442,[4940],[0.99808583],26.860850407955805,[4940],[0.9992218],26.859713,4617261,38865679,4096
80,meta-llama_Meta-Llama-3-8B,wikitext-512,128256,4096,80,4096,28393673,[574],[0.41569294],17.490231370130036,[1053],[0.25512776],18.118141,3078201,28366010,4096
81,meta-llama_Meta-Llama-3-8B,wikitext-512,128256,4096,81,4096,33721137,[21137],[0.28202929],18.77818027633184,[21137],[0.46152514],18.285652,4617252,33363635,4096
82,meta-llama_Meta-Llama-3-8B,wikitext-512,128256,4096,82,4096,39217861,[315],[0.14188397],15.380663156056974,[315],[0.1581414],15.272182,4617302,37695123,4096
83,meta-llama_Meta-Llama-3-8B,wikitext-512,128256,4096,83,4096,31145093,[220],[0.48531955],19.068555496811623,[220],[0.47463936],19.090809,4617261,28811533,4096
84,meta-llama_Meta-Llama-3-8B,wikitext-512,128256,4096,84,4096,14144119,[1122],[0.99942641],29.170489904060815,[1122],[0.9993331],29.170582,4617324,13121304,4096
85,meta-llama_Meta-Llama-3-8B,wikitext-512,128256,4096,85,4096,22422370,[385],[0.99360172],28.035616525870743,[385],[0.9942444],28.03497,3078174,21787878,4096
86,meta-llama_Meta-Llama-3-8B,wikitext-512,128256,4096,86,4096,27518468,[574],[0.22895761],20.400558503258974,[574],[0.19846801],20.543465,6925851,22488740,4096
87,meta-llama_Meta-Llama-3-8B,wikitext-512,128256,4096,87,4096,23035722,[430],[0.47257237],19.101397718920087,[430],[0.63742536],18.802147,4617302,19832885,4096
88,meta-llama_Meta-Llama-3-8B,wikitext-512,128256,4096,88,4096,28362525,[662],[0.49331864],21.505227832588467,[662],[0.535595],21.422998,4617302,26937749,4096
89,meta-llama_Meta-Llama-3-8B,wikitext-512,128256,4096,89,4096,40908274,[15073],[0.26619683],17.700918734647125,[15073],[0.25736117],17.734676,4617234,35860749,4096
90,meta-llama_Meta-Llama-3-8B,wikitext-512,128256,4096,90,4096,36946141,[1005],[0.09208063],18.75539473184249,[311],[0.7465956],20.794313,6925892,28772032,4096
91,meta-llama_Meta-Llama-3-8B,wikitext-512,128256,4096,91,4096,27719615,[304],[0.57523878],18.734574439823792,[304],[0.60610527],18.6823,4617261,27477628,4096
92,meta-llama_Meta-Llama-3-8B,wikitext-512,128256,4096,92,4096,40226918,[1139],[0.39879146],19.054158573966955,[1139],[0.3970619],19.058502,6925892,22463901,4096
93,meta-llama_Meta-Llama-3-8B,wikitext-512,128256,4096,93,4096,31413349,[8308],[0.49022445],21.1945470426979,[8308],[0.53846806],21.100685,6925851,24616351,4096
94,meta-llama_Meta-Llama-3-8B,wikitext-512,128256,4096,94,4096,34476305,[15073],[0.30396338],18.118502319776155,[15073],[0.24150613],18.348513,3078242,34039704,4096
95,meta-llama_Meta-Llama-3-8B,wikitext-512,128256,4096,95,4096,28370431,[16],[0.58435808],25.539144868037965,[16],[0.5775068],25.550938,4617234,27421819,4096
96,meta-llama_Meta-Llama-3-8B,wikitext-512,128256,4096,96,4096,27009284,[11922],[0.40501667],20.11003815050385,[11922],[0.49486178],19.909683,6925851,24070051,4096
97,meta-llama_Meta-Llama-3-8B,wikitext-512,128256,4096,97,4096,24969523,[1139],[0.32621193],21.572135210502253,[1139],[0.26217732],21.79066,4617234,17510019,4096
98,meta-llama_Meta-Llama-3-8B,wikitext-512,128256,4096,98,4096,16322394,[65444],[0.99249175],24.967386891051017,[65444],[0.9984401],24.961412,3078174,15978127,4096
99,meta-llama_Meta-Llama-3-8B,wikitext-512,128256,4096,99,4096,28068114,[8494],[0.97931477],23.938642034645312,[8494],[0.9795272],23.938425,4617261,30625012,4096
100,meta-llama_Meta-Llama-3-8B,wikitext-512,128256,4096,100,4096,33209130,[19922],[0.82145323],20.477718560362693,[19922],[0.7922317],20.513939,4617234,31520462,4096
101,meta-llama_Meta-Llama-3-8B,wikitext-512,128256,4096,101,4096,25567381,[279],[0.00218298],21.76097679936854,[279],[0.25121975],17.01534,4617234,22781438,4096
102,meta-llama_Meta-Llama-3-8B,wikitext-512,128256,4096,102,4096,36213909,[15073],[0.26564702],17.13316399085391,[15073],[0.31748152],16.95491,4617261,31515655,4096
103,meta-llama_Meta-Llama-3-8B,wikitext-512,128256,4096,103,4096,37999759,[24097],[0.58940034],17.894816707951406,[24097],[0.78576547],17.607262,4617234,36307689,4096
104,meta-llama_Meta-Llama-3-8B,wikitext-512,128256,4096,104,4096,29430389,[264],[0.35413495],18.856667394200244,[264],[0.35222504],18.862078,6925878,27322945,4096
105,meta-llama_Meta-Llama-3-8B,wikitext-512,128256,4096,105,4096,34850171,[662],[0.51302665],20.060112429358764,[662],[0.5611016],19.97054,3078201,34236448,4096
106,meta-llama_Meta-Llama-3-8B,wikitext-512,128256,4096,106,4096,30574484,[284],[0.99941019],24.421049733079744,[284],[0.9993424],24.421116,3078288,26685097,4096
107,meta-llama_Meta-Llama-3-8B,wikitext-512,128256,4096,107,4096,31598289,[11680],[0.99438359],26.541282490634774,[11680],[0.99571663],26.539946,4617261,22892655,4096
108,meta-llama_Meta-Llama-3-8B,wikitext-512,128256,4096,108,4096,28836178,[15073],[0.036952],19.742616363233747,[15073],[0.39800695],17.365767,4617306,23870309,4096
109,meta-llama_Meta-Llama-3-8B,wikitext-512,128256,4096,109,4096,29310138,[8753],[0.05839859],16.27464371894048,[16506],[0.10414261],16.592861,4617261,18619593,4096
110,meta-llama_Meta-Llama-3-8B,wikitext-512,128256,4096,110,4096,23523774,[3610],[0.98345788],22.974442234599724,[3610],[0.9545429],23.004276,4617261,22822595,4096
111,meta-llama_Meta-Llama-3-8B,wikitext-512,128256,4096,111,4096,31752463,[264],[0.21699654],17.114955758318462,[264],[0.18487126],17.275175,4617216,26903119,4096
112,meta-llama_Meta-Llama-3-8B,wikitext-512,128256,4096,112,4096,21897599,[729],[0.98690118],28.178970200859222,[729],[0.9842074],28.181704,4617234,21094841,4096
113,meta-llama_Meta-Llama-3-8B,wikitext-512,128256,4096,113,4096,38566106,[40401],[0.68333419],19.232423383202697,[1174],[0.3866965],19.859095,4617234,35982845,4096
114,meta-llama_Meta-Llama-3-8B,wikitext-512,128256,4096,114,4096,29464571,[650],[0.16711564],18.54525285505515,[650],[0.18056813],18.467827,4617279,26930026,4096
115,meta-llama_Meta-Llama-3-8B,wikitext-512,128256,4096,115,4096,21456914,[505],[0.15231635],19.67190719426016,[505],[0.15606593],19.647589,6925878,18899075,4096
116,meta-llama_Meta-Llama-3-8B,wikitext-512,128256,4096,116,4096,32534747,[320],[0.50873008],20.344203183154267,[1174],[0.83843905],22.13585,4617279,30074692,4096
117,meta-llama_Meta-Llama-3-8B,wikitext-512,128256,4096,117,4096,34950037,[330],[0.10317044],17.029791020312352,[330],[0.1042621],17.019266,4617261,32903960,4096
118,meta-llama_Meta-Llama-3-8B,wikitext-512,128256,4096,118,4096,32874383,[4846],[0.14108245],16.782969094779627,[4846],[0.1296891],16.867172,4617261,29481396,4096
119,meta-llama_Meta-Llama-3-8B,wikitext-512,128256,4096,119,4096,28038175,[323],[0.38291822],21.70868261030755,[323],[0.38939935],21.691898,6925953,15823662,4096
120,meta-llama_Meta-Llama-3-8B,wikitext-512,128256,4096,120,4096,28945672,[43665],[0.16867353],18.87824560985375,[43665],[0.14021744],19.063017,4617279,25306654,4096
121,meta-llama_Meta-Llama-3-8B,wikitext-512,128256,4096,121,4096,14818211,[505],[0.65171048],22.764298358295402,[505],[0.71375155],22.673365,4617234,14079774,4096
122,meta-llama_Meta-Llama-3-8B,wikitext-512,128256,4096,122,4096,32336572,[20],[0.96326778],24.711644871704248,[20],[0.9738312],24.70074,2052142,32335590,4096
123,meta-llama_Meta-Llama-3-8B,wikitext-512,128256,4096,123,4096,33938994,[662],[0.61628997],18.65619307986607,[662],[0.5853662],18.707672,6925878,32949098,4096
124,meta-llama_Meta-Llama-3-8B,wikitext-512,128256,4096,124,4096,19797723,[17],[0.1324848],24.126563443983457,[17],[0.1329062],24.123386,4617234,16200208,4096
125,meta-llama_Meta-Llama-3-8B,wikitext-512,128256,4096,125,4096,35963557,[279],[0.23448318],19.76802125476747,[279],[0.7269603],18.636534,3078156,35129103,4096
126,meta-llama_Meta-Llama-3-8B,wikitext-512,128256,4096,126,4096,32177524,[330],[0.93540424],19.796913376687705,[330],[0.9407727],19.791195,4617261,29716277,4096
127,meta-llama_Meta-Llama-3-8B,wikitext-512,128256,4096,127,4096,38953061,[11226],[0.63697403],23.090648134679046,[11226],[0.6029131],23.145601,6925892,36107571,4096
128,meta-llama_Meta-Llama-3-8B,wikitext-512,128256,4096,128,4096,24298936,[19461],[0.90882452],23.05830695796654,[19461],[0.9847115],22.978113,6925824,20493974,4096
129,meta-llama_Meta-Llama-3-8B,wikitext-512,128256,4096,129,4096,33927988,[2533],[0.27522887],20.590790489265412,[2533],[0.28091323],20.570347,6926007,25148858,4096
130,meta-llama_Meta-Llama-3-8B,wikitext-512,128256,4096,130,4096,30889943,[16766],[0.22735459],17.602063490705913,[16766],[0.21576577],17.654387,4617279,23110548,4096
131,meta-llama_Meta-Llama-3-8B,wikitext-512,128256,4096,131,4096,29091734,[37337],[0.23982355],19.44657057105036,[37337],[0.28236195],19.283281,3078272,28748823,4096
132,meta-llama_Meta-Llama-3-8B,wikitext-512,128256,4096,132,4096,48535517,[9405],[0.45691149],18.361579411750384,[9405],[0.41036507],18.46902,4617261,47217243,4096
133,meta-llama_Meta-Llama-3-8B,wikitext-512,128256,4096,133,4096,37424144,[3878],[0.28583204],18.818171599321573,[3878],[0.2874618],18.812485,6925851,32772741,4096
134,meta-llama_Meta-Llama-3-8B,wikitext-512,128256,4096,134,4096,41186170,[616],[0.85848784],19.225014322687443,[616],[0.9006733],19.177042,4617261,39200518,4096
135,meta-llama_Meta-Llama-3-8B,wikitext-512,128256,4096,135,4096,29971989,[1101],[0.33594924],18.679097816715863,[1101],[0.37963033],18.55686,6925851,26500365,4096
136,meta-llama_Meta-Llama-3-8B,wikitext-512,128256,4096,136,4096,35079697,[662],[0.91319856],21.56613419644215,[662],[0.95009834],21.52652,6925851,22457622,4096
137,meta-llama_Meta-Llama-3-8B,wikitext-512,128256,4096,137,4096,31951747,[220],[0.99240302],23.479452537196252,[220],[0.9931591],23.47869,3078201,31464727,4096
138,meta-llama_Meta-Llama-3-8B,wikitext-512,128256,4096,138,4096,31914160,[555],[0.94989156],23.805895440801905,[555],[0.9400255],23.81633,4617234,31397305,4096
139,meta-llama_Meta-Llama-3-8B,wikitext-512,128256,4096,139,4096,31001573,[574],[0.34309401],19.450644501118884,[574],[0.35196975],19.425106,4617261,27988103,4096
140,meta-llama_Meta-Llama-3-8B,wikitext-512,128256,4096,140,4096,39316046,[358],[0.4031385],18.41321104540181,[358],[0.42925],18.350454,4617252,35820952,4096
141,meta-llama_Meta-Llama-3-8B,wikitext-512,128256,4096,141,4096,24466490,[8753],[0.36548566],18.19414075988765,[58333],[0.30831534],18.623981,4617306,22935568,4096
142,meta-llama_Meta-Llama-3-8B,wikitext-512,128256,4096,142,4096,41525067,[6308],[0.42136581],17.935628800905523,[6308],[0.4151783],17.950422,4617347,38405655,4096
143,meta-llama_Meta-Llama-3-8B,wikitext-512,128256,4096,143,4096,35493019,[304],[0.45334965],18.925159143172458,[1174],[0.87939394],21.004778,4617306,34690275,4096
144,meta-llama_Meta-Llama-3-8B,wikitext-512,128256,4096,144,4096,21751928,[18088],[0.53762492],20.24105082328101,[59783],[0.99235207],25.072023,4617302,20097426,4096
145,meta-llama_Meta-Llama-3-8B,wikitext-512,128256,4096,145,4096,21876750,[323],[0.02890735],22.224855575359644,[1174],[0.8952759],22.459707,6925905,14814919,4096
146,meta-llama_Meta-Llama-3-8B,wikitext-512,128256,4096,146,4096,29002366,[279],[0.50343615],18.688901912896643,[279],[0.44644457],18.809046,3078213,26472812,4096
147,meta-llama_Meta-Llama-3-8B,wikitext-512,128256,4096,147,4096,35708738,[1666],[0.33280223],18.92344141768613,[1666],[0.26813728],19.13949,4617320,39356212,4096
148,meta-llama_Meta-Llama-3-8B,wikitext-512,128256,4096,148,4096,20798829,[82],[0.97064894],23.64088203290775,[82],[0.99640274],23.614695,4617261,17976986,4096
149,meta-llama_Meta-Llama-3-8B,wikitext-512,128256,4096,149,4096,38869681,[2678],[0.23331905],21.490214786618978,[2678],[0.23197563],21.495993,4617279,37214265,4096
150,meta-llama_Meta-Llama-3-8B,wikitext-512,128256,4096,150,4096,29522019,[220],[0.959161],21.000108502731035,[220],[0.9429865],21.017115,4617234,27852755,4096
151,meta-llama_Meta-Llama-3-8B,wikitext-512,128256,4096,151,4096,21786069,[574],[0.69504295],21.605360697758893,[574],[0.6805093],21.626495,6925878,19831629,4096
152,meta-llama_Meta-Llama-3-8B,wikitext-512,128256,4096,152,4096,6298440,[16],[0.08673217],32.73872697998892,[16],[0.10017016],32.59469,3078180,5859966,4096
153,meta-llama_Meta-Llama-3-8B,wikitext-512,128256,4096,153,4096,28532449,[1139],[0.15150875],16.862237218012687,[1139],[0.15910125],16.813337,4617261,26368173,4096
154,meta-llama_Meta-Llama-3-8B,wikitext-512,128256,4096,154,4096,22209340,[5602],[0.39066482],20.13925376751611,[5602],[0.38667277],20.149527,4617261,20633155,4096
155,meta-llama_Meta-Llama-3-8B,wikitext-512,128256,4096,155,4096,40149683,[320],[0.07200963],18.224184780705677,[574],[0.79805386],19.579714,4617261,46396558,4096
156,meta-llama_Meta-Llama-3-8B,wikitext-512,128256,4096,156,4096,41782632,[48913],[0.49074077],18.62194590762022,[48913],[0.52006125],18.563915,3078201,35305541,4096
157,meta-llama_Meta-Llama-3-8B,wikitext-512,128256,4096,157,4096,39481981,[1432],[0.14333624],14.43041891606088,[1432],[0.14249043],14.43634,4617252,36275196,4096
158,meta-llama_Meta-Llama-3-8B,wikitext-512,128256,4096,158,4096,25413319,[16730],[0.88884402],22.817937279335528,[16730],[0.89448285],22.81161,4617279,23647426,4096
159,meta-llama_Meta-Llama-3-8B,wikitext-512,128256,4096,159,4096,29709993,[17565],[0.68037757],19.500025139037277,[17565],[0.64010847],19.561035,4617234,27772687,4096
160,meta-llama_Meta-Llama-3-8B,wikitext-512,128256,4096,160,4096,26926155,[912],[0.07960415],17.130641758354304,[912],[0.08893529],17.019798,4617261,24629854,4096
161,meta-llama_Meta-Llama-3-8B,wikitext-512,128256,4096,161,4096,24928468,[64274],[0.41215489],20.88068360405149,[64274],[0.4170437],20.868893,4617261,23008475,4096
162,meta-llama_Meta-Llama-3-8B,wikitext-512,128256,4096,162,4096,24306168,[571],[0.71839408],22.687056435556563,[571],[0.7879162],22.594683,3078261,23690612,4096
163,meta-llama_Meta-Llama-3-8B,wikitext-512,128256,4096,163,4096,31511110,[264],[0.97984209],23.648022695189955,[264],[0.98242366],23.645393,4617261,29954942,4096
164,meta-llama_Meta-Llama-3-8B,wikitext-512,128256,4096,164,4096,29080944,[14580],[0.58027569],21.42257455406582,[14580],[0.4712898],21.630604,4617279,28070506,4096
165,meta-llama_Meta-Llama-3-8B,wikitext-512,128256,4096,165,4096,31632026,[284],[0.99894165],25.37615045909706,[284],[0.99907446],25.376017,4617261,30667262,4096
166,meta-llama_Meta-Llama-3-8B,wikitext-512,128256,4096,166,4096,28725171,[320],[0.98248276],23.55918211369269,[320],[0.9765726],23.565226,4617261,27119212,4096
167,meta-llama_Meta-Llama-3-8B,wikitext-512,128256,4096,167,4096,20963810,[304],[0.74176078],20.40988686328355,[304],[0.7173821],20.44331,4617234,19089963,4096
168,meta-llama_Meta-Llama-3-8B,wikitext-512,128256,4096,168,4096,36914411,[264],[0.61417581],19.171886055754385,[264],[0.5329942],19.313654,6925851,25630825,4096
169,meta-llama_Meta-Llama-3-8B,wikitext-512,128256,4096,169,4096,22953677,[17],[0.99174092],27.16061423489619,[17],[0.9972036],27.155123,4617302,23796702,4096
170,meta-llama_Meta-Llama-3-8B,wikitext-512,128256,4096,170,4096,25205295,[11341],[0.15815566],18.196380833322443,[5178],[0.2882748],17.951849,4617261,27435919,4096
171,meta-llama_Meta-Llama-3-8B,wikitext-512,128256,4096,171,4096,26444503,[28353],[0.30631947],18.29368424701265,[28353],[0.26525646],18.437616,3078201,22478687,4096
172,meta-llama_Meta-Llama-3-8B,wikitext-512,128256,4096,172,4096,26554036,[59562],[0.49754942],17.581040735546686,[59562],[0.5013578],17.573416,4617234,19668418,4096
173,meta-llama_Meta-Llama-3-8B,wikitext-512,128256,4096,173,4096,42267287,[1561],[0.72317549],21.6358480494641,[1561],[0.6589241],21.728891,3078231,40839040,4096
174,meta-llama_Meta-Llama-3-8B,wikitext-512,128256,4096,174,4096,29634739,[1174],[0.22830502],20.29028610507536,[1174],[0.23709875],20.252491,4617279,26874408,4096
175,meta-llama_Meta-Llama-3-8B,wikitext-512,128256,4096,175,4096,31752189,[18],[0.17624825],20.717640844099815,[18],[0.15224338],20.86406,3078204,30338149,4096
176,meta-llama_Meta-Llama-3-8B,wikitext-512,128256,4096,176,4096,25167552,[574],[0.96422953],26.862864815666367,[574],[0.95920485],26.86809,4617302,23921827,4096
177,meta-llama_Meta-Llama-3-8B,wikitext-512,128256,4096,177,4096,28340213,[278],[0.74505785],18.656622895929434,[278],[0.44361433],19.175129,4617347,28060115,4096
178,meta-llama_Meta-Llama-3-8B,wikitext-512,128256,4096,178,4096,31341526,[15073],[0.16566277],17.56776145408799,[578],[0.14534397],17.983929,3078201,31113377,4096
179,meta-llama_Meta-Llama-3-8B,wikitext-512,128256,4096,179,4096,38936185,[220],[0.9863959],22.446892596733885,[220],[0.9868989],22.446384,4617261,37257077,4096
180,meta-llama_Meta-Llama-3-8B,wikitext-512,128256,4096,180,4096,26802630,[31],[0.9991571],24.90176794069398,[31],[0.9997156],24.901209,4617234,26113404,4096
181,meta-llama_Meta-Llama-3-8B,wikitext-512,128256,4096,181,4096,37751806,[19367],[0.77404051],23.128231894575034,[19367],[0.7072408],23.218483,3078315,36111526,4096
182,meta-llama_Meta-Llama-3-8B,wikitext-512,128256,4096,182,4096,26797252,[9653],[0.89835256],22.98129050386706,[9653],[0.87261647],23.010359,3078174,25845974,4096
183,meta-llama_Meta-Llama-3-8B,wikitext-512,128256,4096,183,4096,31285895,[7076],[0.13761935],17.569333787019506,[7076],[0.11019038],17.791618,4617324,24095803,4096
184,meta-llama_Meta-Llama-3-8B,wikitext-512,128256,4096,184,4096,19432112,[5929],[0.74200463],20.52872168531216,[5929],[0.9842253],20.246225,4617234,18643212,4096
185,meta-llama_Meta-Llama-3-8B,wikitext-512,128256,4096,185,4096,24916188,[311],[0.96473901],24.365315857241406,[311],[0.98305964],24.346504,6925851,16613804,4096
186,meta-llama_Meta-Llama-3-8B,wikitext-512,128256,4096,186,4096,39830262,[1174],[0.95081159],21.762063495234596,[1174],[0.8972588],21.82004,4617302,39209046,4096
187,meta-llama_Meta-Llama-3-8B,wikitext-512,128256,4096,187,4096,28240260,[1174],[0.89162843],20.918086756989926,[1174],[0.88350445],20.927242,4617261,26083240,4096
188,meta-llama_Meta-Llama-3-8B,wikitext-512,128256,4096,188,4096,25403535,[1866],[0.38761282],18.794735098169756,[1866],[0.39926404],18.765116,4617261,25096882,4096
189,meta-llama_Meta-Llama-3-8B,wikitext-512,128256,4096,189,4096,18426766,[24527],[0.98471046],25.599899356256895,[24527],[0.97811186],25.606619,4617387,16002350,4096
190,meta-llama_Meta-Llama-3-8B,wikitext-512,128256,4096,190,4096,35549823,[48368],[0.13585522],17.044130553871014,[48368],[0.11652905],17.197577,4617342,28192751,4096
191,meta-llama_Meta-Llama-3-8B,wikitext-512,128256,4096,191,4096,28615759,[937],[0.99381824],24.869175115347065,[937],[0.99550927],24.867477,4617302,26650052,4096
192,meta-llama_Meta-Llama-3-8B,wikitext-512,128256,4096,192,4096,34271732,[578],[0.28926407],17.934758841366026,[578],[0.25280288],18.069487,3078204,33508541,4096
193,meta-llama_Meta-Llama-3-8B,wikitext-512,128256,4096,193,4096,28252048,[304],[0.23139576],20.673464663246637,[304],[0.2665388],20.53207,6925851,20177047,4096
194,meta-llama_Meta-Llama-3-8B,wikitext-512,128256,4096,194,4096,21403581,[449],[0.54021014],20.17365077371915,[449],[0.522466],20.207048,4617234,16242406,4096
195,meta-llama_Meta-Llama-3-8B,wikitext-512,128256,4096,195,4096,30243553,[433],[0.37853026],18.049521323444825,[433],[0.3603918],18.098627,3078201,26299121,4096
196,meta-llama_Meta-Llama-3-8B,wikitext-512,128256,4096,196,4096,31787878,[1206],[0.02137943],15.09781497257145,[927],[0.02095888],15.622543,6925824,30137539,4096
197,meta-llama_Meta-Llama-3-8B,wikitext-512,128256,4096,197,4096,31376729,[323],[0.59099467],20.023541210874445,[323],[0.6471757],19.93273,3078174,29251852,4096
198,meta-llama_Meta-Llama-3-8B,wikitext-512,128256,4096,198,4096,30330743,[430],[0.63371931],20.8217096806755,[430],[0.66275465],20.776909,6925980,25315377,4096
199,meta-llama_Meta-Llama-3-8B,wikitext-512,128256,4096,199,4096,20342205,[304],[0.2564408],21.846144172017166,[1174],[0.437045],22.41379,4617234,19894449,4096
200,meta-llama_Meta-Llama-3-8B,wikitext-512,128256,4096,200,4096,18173027,[315],[0.95398249],23.62802923077507,[315],[0.92519784],23.658674,4617270,17808737,4096
201,meta-llama_Meta-Llama-3-8B,wikitext-512,128256,4096,201,4096,8486538,[2636],[0.009781],23.77844563830863,[2636],[0.00880431],23.883648,3078168,7880852,4096
202,meta-llama_Meta-Llama-3-8B,wikitext-512,128256,4096,202,4096,26176920,[1396],[0.73410467],23.144724536567693,[1396],[0.7629062],23.106241,3078352,23364359,4096
203,meta-llama_Meta-Llama-3-8B,wikitext-512,128256,4096,203,4096,28144840,[100170],[0.49791894],17.726389787311962,[100170],[0.46825612],17.787813,4617302,24134500,4096
204,meta-llama_Meta-Llama-3-8B,wikitext-512,128256,4096,204,4096,28930268,[85273],[0.05330634],16.379882083021677,[85273],[0.0398111],16.671791,6925851,21458612,4096
205,meta-llama_Meta-Llama-3-8B,wikitext-512,128256,4096,205,4096,30822269,[662],[0.51658073],20.182072920208636,[662],[0.5106631],20.193594,3078174,28157770,4096
206,meta-llama_Meta-Llama-3-8B,wikitext-512,128256,4096,206,4096,23800282,[662],[0.40082985],19.738898581591368,[315],[0.8343513],21.036724,6925824,21811840,4096
207,meta-llama_Meta-Llama-3-8B,wikitext-512,128256,4096,207,4096,35441540,[355],[0.99996787],29.760570236674987,[355],[0.9999137],29.760622,3078213,34946255,4096
208,meta-llama_Meta-Llama-3-8B,wikitext-512,128256,4096,208,4096,18911182,[220],[0.37665438],18.8847162234772,[220],[0.31591445],19.060581,6925851,14875363,4096
209,meta-llama_Meta-Llama-3-8B,wikitext-512,128256,4096,209,4096,42087599,[503],[0.53260653],18.71763027526171,[503],[0.5404689],18.702974,6925851,33684917,4096
210,meta-llama_Meta-Llama-3-8B,wikitext-512,128256,4096,210,4096,28056160,[4248],[0.44842053],19.116270938692114,[4248],[0.3467447],19.373413,4617324,24932557,4096
211,meta-llama_Meta-Llama-3-8B,wikitext-512,128256,4096,211,4096,31516564,[75771],[0.93064978],21.440238494301575,[75771],[0.9004746],21.473198,4617279,30796508,4096
212,meta-llama_Meta-Llama-3-8B,wikitext-512,128256,4096,212,4096,29760186,[4726],[0.79449769],22.970159406526125,[4726],[0.8053931],22.95654,4617270,27781192,4096
213,meta-llama_Meta-Llama-3-8B,wikitext-512,128256,4096,213,4096,7594672,[16],[0.06149553],28.89870363436209,[16],[0.06094221],28.907742,2052140,7594672,4096
214,meta-llama_Meta-Llama-3-8B,wikitext-512,128256,4096,214,4096,18739928,[279],[0.09559875],18.169775313613783,[813],[0.1870609],17.617117,3078201,18140392,4096
215,meta-llama_Meta-Llama-3-8B,wikitext-512,128256,4096,215,4096,35383593,[311],[0.94004473],24.325543567295547,[311],[0.9520216],24.312881,3078201,32979545,4096
216,meta-llama_Meta-Llama-3-8B,wikitext-512,128256,4096,216,4096,10479860,[706],[0.00423772],22.676284352739863,[374],[0.23064552],19.416388,4617279,9888816,4096
217,meta-llama_Meta-Llama-3-8B,wikitext-512,128256,4096,217,4096,52813245,[578],[0.07792235],16.21016647299437,[578],[0.0883036],16.085096,4617261,45347218,4096
218,meta-llama_Meta-Llama-3-8B,wikitext-512,128256,4096,218,4096,19879306,[2739],[0.1438406],24.6446197466011,[2739],[0.9994797],22.706087,4617234,16741368,4096
219,meta-llama_Meta-Llama-3-8B,wikitext-512,128256,4096,219,4096,35113257,[1051],[0.27471829],19.86515019933301,[1051],[0.2709299],19.879038,6925919,24312082,4096
220,meta-llama_Meta-Llama-3-8B,wikitext-512,128256,4096,220,4096,29696126,[704],[0.78342663],23.917364302580847,[704],[0.784861],23.915535,6925851,20172762,4096
221,meta-llama_Meta-Llama-3-8B,wikitext-512,128256,4096,221,4096,24036004,[574],[0.3610891],19.75908616727509,[574],[0.3948192],19.669783,4617279,18786583,4096
222,meta-llama_Meta-Llama-3-8B,wikitext-512,128256,4096,222,4096,21197718,[430],[0.34288304],20.979522686149622,[662],[0.24520224],21.425043,4617261,19083173,4096
223,meta-llama_Meta-Llama-3-8B,wikitext-512,128256,4096,223,4096,27298682,[323],[0.36486391],23.104433700253058,[323],[0.36303288],23.10946,4617279,26217080,4096
224,meta-llama_Meta-Llama-3-8B,wikitext-512,128256,4096,224,4096,27441388,[304],[0.58194521],20.933407778997303,[304],[0.57913524],20.938251,6925892,21126513,4096
225,meta-llama_Meta-Llama-3-8B,wikitext-512,128256,4096,225,4096,31214275,[8223],[0.32684266],19.482999576486645,[8223],[0.3435379],19.433182,4617234,22062003,4096
226,meta-llama_Meta-Llama-3-8B,wikitext-512,128256,4096,226,4096,35307701,[477],[0.48866112],17.57988608581472,[477],[0.4930884],17.570866,4617424,32079565,4096
227,meta-llama_Meta-Llama-3-8B,wikitext-512,128256,4096,227,4096,24864925,[311],[0.39062747],21.913523126473322,[311],[0.3881468],21.919891,4617324,21942568,4096
228,meta-llama_Meta-Llama-3-8B,wikitext-512,128256,4096,228,4096,30682289,[28653],[0.45718224],19.21270402660123,[28653],[0.43940708],19.25236,4617261,28992367,4096
229,meta-llama_Meta-Llama-3-8B,wikitext-512,128256,4096,229,4096,31575146,[304],[0.75510442],22.069469634675606,[304],[0.73609334],22.094965,4617234,30628050,4096
230,meta-llama_Meta-Llama-3-8B,wikitext-512,128256,4096,230,4096,24123153,[578],[0.30960564],18.14272797068269,[578],[0.34181842],18.043749,4617279,23365980,4096
231,meta-llama_Meta-Llama-3-8B,wikitext-512,128256,4096,231,4096,19250567,[369],[0.15735661],22.52425893717532,[369],[0.1308076],22.709042,4617234,18621019,4096
232,meta-llama_Meta-Llama-3-8B,wikitext-512,128256,4096,232,4096,31272900,[1174],[0.44576847],20.77727398814069,[1174],[0.4462789],20.776133,6925919,28831996,4096
233,meta-llama_Meta-Llama-3-8B,wikitext-512,128256,4096,233,4096,32335114,[57409],[0.65281031],20.826611356089675,[57409],[0.67519945],20.79289,4617426,27333977,4096
234,meta-llama_Meta-Llama-3-8B,wikitext-512,128256,4096,234,4096,24110279,[13471],[0.9783352],22.58055770847685,[13471],[0.92285883],22.638933,4617302,17988154,4096
235,meta-llama_Meta-Llama-3-8B,wikitext-512,128256,4096,235,4096,43394980,[11542],[0.2195486],17.21262140511292,[11542],[0.17940779],17.414536,6925878,30087501,4096
236,meta-llama_Meta-Llama-3-8B,wikitext-512,128256,4096,236,4096,33054828,[13],[0.99889867],28.530160390827852,[13],[0.99559116],28.533476,4617261,32027208,4096
237,meta-llama_Meta-Llama-3-8B,wikitext-512,128256,4096,237,4096,27386962,[11876],[0.47022177],17.550716303792424,[11876],[0.43389946],17.631105,4617306,27127787,4096
238,meta-llama_Meta-Llama-3-8B,wikitext-512,128256,4096,238,4096,29881949,[662],[0.76212704],22.715237906063766,[662],[0.76215637],22.715199,4617297,28218504,4096
239,meta-llama_Meta-Llama-3-8B,wikitext-512,128256,4096,239,4096,27393926,[59635],[0.84341995],21.816051777557693,[59635],[0.8485971],21.809935,3078228,25797479,4096
240,meta-llama_Meta-Llama-3-8B,wikitext-512,128256,4096,240,4096,28500679,[284],[0.55501056],15.391391888663176,[284],[0.60055983],15.312515,4617234,26773630,4096
241,meta-llama_Meta-Llama-3-8B,wikitext-512,128256,4096,241,4096,22533564,[1550],[0.41923303],21.888220635874692,[1550],[0.42157382],21.88265,6925878,16005120,4096
242,meta-llama_Meta-Llama-3-8B,wikitext-512,128256,4096,242,4096,33612006,[315],[0.53710586],17.429400418464674,[315],[0.6040266],17.311975,6925878,30646011,4096
243,meta-llama_Meta-Llama-3-8B,wikitext-512,128256,4096,243,4096,25754871,[279],[0.95419928],21.582113377707824,[279],[0.9475551],21.589102,4617234,24785718,4096
244,meta-llama_Meta-Llama-3-8B,wikitext-512,128256,4096,244,4096,26883036,[1174],[0.71448518],22.382232609258253,[1174],[0.7399772],22.347178,3078174,26687149,4096
245,meta-llama_Meta-Llama-3-8B,wikitext-512,128256,4096,245,4096,25998970,[77018],[0.04160244],18.23606821919027,[409],[0.91354454],19.809864,4617302,27516952,4096
246,meta-llama_Meta-Llama-3-8B,wikitext-512,128256,4096,246,4096,24390738,[520],[0.94264327],24.23502790626711,[520],[0.93931025],24.23857,4617234,25376589,4096
247,meta-llama_Meta-Llama-3-8B,wikitext-512,128256,4096,247,4096,27099734,[662],[0.49727319],21.227708511215347,[662],[0.51530063],21.1921,4617261,25051532,4096
248,meta-llama_Meta-Llama-3-8B,wikitext-512,128256,4096,248,4096,34803980,[3116],[0.60853169],19.49171666521634,[3116],[0.3332844],20.093765,4617261,29758406,4096
249,meta-llama_Meta-Llama-3-8B,wikitext-512,128256,4096,249,4096,31480476,[2322],[0.68243014],21.761672759303615,[2322],[0.72288555],21.704082,6925892,28723646,4096
250,meta-llama_Meta-Llama-3-8B,wikitext-512,128256,4096,250,4096,31122230,[1174],[0.63946647],21.350269749463195,[1174],[0.61924785],21.382397,4617261,33461346,4096
251,meta-llama_Meta-Llama-3-8B,wikitext-512,128256,4096,251,4096,15967110,[5794],[0.88754504],23.191622670142703,[5794],[0.8630517],23.219606,3078201,15655000,4096
252,meta-llama_Meta-Llama-3-8B,wikitext-512,128256,4096,252,4096,35525717,[279],[0.50474948],24.128234991278656,[279],[0.4942463],24.149263,4617279,36097135,4096
253,meta-llama_Meta-Llama-3-8B,wikitext-512,128256,4096,253,4096,39318272,[674],[0.06825119],17.092953284867566,[2162],[0.14506337],17.464914,4617365,34104544,4096
254,meta-llama_Meta-Llama-3-8B,wikitext-512,128256,4096,254,4096,29954214,[571],[0.6010357],23.878184347087466,[571],[0.6101008],23.86321,3078174,27435353,4096
255,meta-llama_Meta-Llama-3-8B,wikitext-512,128256,4096,255,4096,33336336,[3168],[0.98449391],21.49774617042768,[3168],[0.9902756],21.491884,3078174,32840857,4096
256,meta-llama_Meta-Llama-3-8B,wikitext-512,128256,4096,256,4096,30395865,[568],[0.54615897],22.317218923554467,[568],[0.53799015],22.332287,3078254,30006564,4096
257,meta-llama_Meta-Llama-3-8B,wikitext-512,128256,4096,257,4096,35397196,[20985],[0.33567614],17.961645540297294,[20985],[0.32371715],17.997923,6925851,25113755,4096
258,meta-llama_Meta-Llama-3-8B,wikitext-512,128256,4096,258,4096,24304723,[574],[0.35044502],18.014238241840285,[574],[0.44555873],17.774109,4617261,23023139,4096
259,meta-llama_Meta-Llama-3-8B,wikitext-512,128256,4096,259,4096,29072710,[3085],[0.3512113],19.40537794699501,[3085],[0.3554622],19.393347,4617234,28301853,4096
260,meta-llama_Meta-Llama-3-8B,wikitext-512,128256,4096,260,4096,29311819,[449],[0.79278884],23.68635906909556,[449],[0.8569261],23.608562,4617234,31447504,4096
261,meta-llama_Meta-Llama-3-8B,wikitext-512,128256,4096,261,4096,29632066,[1027],[0.99870319],24.44168538041251,[1027],[0.99874973],24.441643,4617261,25780861,4096
262,meta-llama_Meta-Llama-3-8B,wikitext-512,128256,4096,262,4096,31300571,[31022],[0.1062031],17.98450940004283,[31022],[0.10927772],17.955973,6925953,22203010,4096
263,meta-llama_Meta-Llama-3-8B,wikitext-512,128256,4096,263,4096,32410384,[59929],[0.11072383],17.49773997010103,[3735],[0.9061078],20.236567,4617234,27139614,4096
264,meta-llama_Meta-Llama-3-8B,wikitext-512,128256,4096,264,4096,26232289,[2391],[0.36849881],22.370880206327147,[2391],[0.3742462],22.355408,4617252,23688463,4096
265,meta-llama_Meta-Llama-3-8B,wikitext-512,128256,4096,265,4096,36399217,[279],[0.23955516],17.2369473425328,[279],[0.21633168],17.338919,4617302,32090646,4096
266,meta-llama_Meta-Llama-3-8B,wikitext-512,128256,4096,266,4096,21720865,[1317],[0.00013256],26.8223559394082,[1317],[0.33793697],18.978798,4617261,17313990,4096
267,meta-llama_Meta-Llama-3-8B,wikitext-512,128256,4096,267,4096,32840405,[1590],[0.99603956],25.331883492038326,[1590],[0.9961217],25.331797,4617261,28992137,4096
268,meta-llama_Meta-Llama-3-8B,wikitext-512,128256,4096,268,4096,41588381,[220],[0.99660723],23.93023645935745,[220],[0.9969404],23.929907,4617302,37552965,4096
269,meta-llama_Meta-Llama-3-8B,wikitext-512,128256,4096,269,4096,26281393,[320],[0.69057914],20.776665437831525,[320],[0.7805928],20.654139,3078201,25214392,4096
270,meta-llama_Meta-Llama-3-8B,wikitext-512,128256,4096,270,4096,34729106,[3778],[0.21716667],16.63095671506482,[763],[0.23465635],16.906336,3078201,33502321,4096
271,meta-llama_Meta-Llama-3-8B,wikitext-512,128256,4096,271,4096,33801994,[1101],[0.4788921],20.262935158468867,[1101],[0.49616957],20.227491,6925851,24935459,4096
272,meta-llama_Meta-Llama-3-8B,wikitext-512,128256,4096,272,4096,28925779,[304],[0.3600698],20.29901665013581,[304],[0.4064964],20.177738,6925892,21040408,4096
273,meta-llama_Meta-Llama-3-8B,wikitext-512,128256,4096,273,4096,46266678,[3335],[0.32680089],20.50574093608882,[3335],[0.3366253],20.476116,4617302,41035939,4096
274,meta-llama_Meta-Llama-3-8B,wikitext-512,128256,4096,274,4096,25634878,[279],[0.23689492],19.304785544007025,[29103],[0.27097368],19.5106,4617261,20005260,4096
275,meta-llama_Meta-Llama-3-8B,wikitext-512,128256,4096,275,4096,37759057,[65136],[0.99432897],22.648805075345592,[65136],[0.996093],22.647034,4617279,34838086,4096
276,meta-llama_Meta-Llama-3-8B,wikitext-512,128256,4096,276,4096,33983355,[872],[0.2884768],20.39342441807417,[872],[0.36681],20.153194,4617302,32142355,4096
277,meta-llama_Meta-Llama-3-8B,wikitext-512,128256,4096,277,4096,23378373,[28433],[0.96992381],24.554028663077005,[28433],[0.9997836],24.523708,4617406,22541769,4096
278,meta-llama_Meta-Llama-3-8B,wikitext-512,128256,4096,278,4096,22998386,[14071],[0.38191648],21.076093994438637,[14071],[0.4060899],21.01472,4617234,23275201,4096
279,meta-llama_Meta-Llama-3-8B,wikitext-512,128256,4096,279,4096,30014847,[315],[0.99386498],22.21849522498649,[315],[0.9919322],22.22045,4617297,22590192,4096
280,meta-llama_Meta-Llama-3-8B,wikitext-512,128256,4096,280,4096,28632596,[279],[0.37957004],17.702188957355943,[279],[0.31132367],17.900396,6925892,24934605,4096
281,meta-llama_Meta-Llama-3-8B,wikitext-512,128256,4096,281,4096,25700877,[4749],[0.99845646],25.547862784958678,[4749],[0.9991291],25.547194,4617261,24482694,4096
282,meta-llama_Meta-Llama-3-8B,wikitext-512,128256,4096,282,4096,27817483,[374],[0.50963376],21.14574261634095,[374],[0.50417227],21.15652,4617342,29308535,4096
283,meta-llama_Meta-Llama-3-8B,wikitext-512,128256,4096,283,4096,30397091,[12],[0.99752209],25.224214079771812,[12],[0.99864036],25.223097,4617234,31379363,4096
284,meta-llama_Meta-Llama-3-8B,wikitext-512,128256,4096,284,4096,16088793,[220],[0.99751424],24.93645453842914,[220],[0.99905604],24.93492,4617234,15659923,4096
285,meta-llama_Meta-Llama-3-8B,wikitext-512,128256,4096,285,4096,8088115,[20],[0.12192383],27.21345533066161,[20],[0.1305093],27.14541,3078156,8000963,4096
286,meta-llama_Meta-Llama-3-8B,wikitext-512,128256,4096,286,4096,27862866,[264],[0.05651241],17.057124242863225,[279],[0.13147916],16.646477,4617261,27036342,4096
287,meta-llama_Meta-Llama-3-8B,wikitext-512,128256,4096,287,4096,38414012,[330],[0.51450439],18.065351897913526,[330],[0.54193974],18.0134,4617261,27872726,4096
288,meta-llama_Meta-Llama-3-8B,wikitext-512,128256,4096,288,4096,20080660,[1450],[0.98999529],23.692760019576415,[1450],[0.9853607],23.697449,4617234,19306634,4096
289,meta-llama_Meta-Llama-3-8B,wikitext-512,128256,4096,289,4096,27313028,[7119],[0.20136435],20.8711253343245,[7119],[0.2024354],20.86582,4617261,23003525,4096
290,meta-llama_Meta-Llama-3-8B,wikitext-512,128256,4096,290,4096,30394499,[62696],[0.28171939],18.38334654320693,[62696],[0.24732864],18.513542,4617324,28466390,4096
291,meta-llama_Meta-Llama-3-8B,wikitext-512,128256,4096,291,4096,30790918,[93137],[0.22509161],18.183581018041615,[93137],[0.23136346],18.156103,4617261,29773076,4096
292,meta-llama_Meta-Llama-3-8B,wikitext-512,128256,4096,292,4096,34398830,[8625],[0.29943051],17.779866587161088,[8625],[0.31339598],17.73428,4617261,33385127,4096
293,meta-llama_Meta-Llama-3-8B,wikitext-512,128256,4096,293,4096,33530024,[1174],[0.07803579],19.236329082135654,[1174],[0.08039246],19.206572,4617333,27405749,4096
294,meta-llama_Meta-Llama-3-8B,wikitext-512,128256,4096,294,4096,24335505,[16062],[0.41611937],17.328180047990298,[16062],[0.47860372],17.188278,4617261,21852890,4096
295,meta-llama_Meta-Llama-3-8B,wikitext-512,128256,4096,295,4096,26311008,[1514],[0.24780775],18.575726054988017,[636],[0.3296178],19.48245,6925851,22594463,4096
296,meta-llama_Meta-Llama-3-8B,wikitext-512,128256,4096,296,4096,31534095,[24914],[0.5950912],19.634381788479786,[24914],[0.575639],19.667616,4617471,27248035,4096
297,meta-llama_Meta-Llama-3-8B,wikitext-512,128256,4096,297,4096,23542334,[662],[0.17515627],22.095023991291956,[662],[0.5813611],20.89533,4617261,19028330,4096
298,meta-llama_Meta-Llama-3-8B,wikitext-512,128256,4096,298,4096,30791516,[18710],[0.51888992],20.222931352365656,[18710],[0.45279613],20.359182,6926014,26747891,4096
299,meta-llama_Meta-Llama-3-8B,wikitext-512,128256,4096,299,4096,32260467,[5107],[0.76382118],20.481598852450347,[5107],[0.7225458],20.537151,6925851,31857098,4096
300,meta-llama_Meta-Llama-3-8B,wikitext-512,128256,4096,300,4096,22151647,[304],[0.94605451],23.310185311250684,[304],[0.89778847],23.362555,4617234,24517828,4096
301,meta-llama_Meta-Llama-3-8B,wikitext-512,128256,4096,301,4096,28543144,[220],[0.96862796],24.38103774008676,[220],[0.9743732],24.375124,4617306,26398636,4096
302,meta-llama_Meta-Llama-3-8B,wikitext-512,128256,4096,302,4096,29611914,[17250],[0.06578543],17.06822924021426,[17250],[0.05246684],17.294445,4617514,25967343,4096
303,meta-llama_Meta-Llama-3-8B,wikitext-512,128256,4096,303,4096,32498109,[304],[0.21371592],19.004201541258762,[304],[0.21374759],19.004055,4617302,30471498,4096
304,meta-llama_Meta-Llama-3-8B,wikitext-512,128256,4096,304,4096,29637760,[555],[0.92868768],22.604990554816062,[555],[0.9117255],22.623426,4617306,28653696,4096
305,meta-llama_Meta-Llama-3-8B,wikitext-512,128256,4096,305,4096,33912801,[4732],[0.34556983],18.307162734735677,[4732],[0.3026801],18.43968,4617302,30235693,4096
306,meta-llama_Meta-Llama-3-8B,wikitext-512,128256,4096,306,4096,27753032,[1468],[0.99979337],28.516495407043312,[1468],[0.99997485],28.516314,4617261,25794200,4096
307,meta-llama_Meta-Llama-3-8B,wikitext-512,128256,4096,307,4096,18656652,[5266],[0.15592813],21.84300591890715,[5266],[0.17979936],21.700562,4617216,17262840,4096
308,meta-llama_Meta-Llama-3-8B,wikitext-512,128256,4096,308,4096,32148872,[1174],[0.59939463],20.96677968749487,[1174],[0.6124042],20.9453,4617487,26528042,4096
309,meta-llama_Meta-Llama-3-8B,wikitext-512,128256,4096,309,4096,23151560,[3109],[0.13356629],18.19940611733763,[3109],[0.29565403],17.404816,4617261,22991312,4096
310,meta-llama_Meta-Llama-3-8B,wikitext-512,128256,4096,310,4096,35326966,[31461],[0.30579606],19.8966231382306,[31461],[0.31441325],19.868834,4617261,31117348,4096
311,meta-llama_Meta-Llama-3-8B,wikitext-512,128256,4096,311,4096,32138024,[20],[0.97707553],23.63330255941447,[20],[0.99506086],23.615063,4617306,31929832,4096
312,meta-llama_Meta-Llama-3-8B,wikitext-512,128256,4096,312,4096,29385774,[1174],[0.32847992],17.37078688265062,[1174],[0.27075386],17.564053,6925851,26242144,4096
313,meta-llama_Meta-Llama-3-8B,wikitext-512,128256,4096,313,4096,21884225,[31335],[0.33842401],19.146768219891573,[31335],[0.35696414],19.093433,6925851,21481322,4096
314,meta-llama_Meta-Llama-3-8B,wikitext-512,128256,4096,314,4096,30645523,[279],[0.8297752],21.869276768245182,[279],[0.87321883],21.81824,4617261,27228444,4096
315,meta-llama_Meta-Llama-3-8B,wikitext-512,128256,4096,315,4096,38870806,[505],[0.22053135],21.329685687433887,[505],[0.22300692],21.318523,4617302,30670066,4096
316,meta-llama_Meta-Llama-3-8B,wikitext-512,128256,4096,316,4096,24832078,[279],[0.25075006],20.66905757434885,[279],[0.27787256],20.566355,4617234,23994242,4096
317,meta-llama_Meta-Llama-3-8B,wikitext-512,128256,4096,317,4096,22657199,[706],[0.71248071],20.838685824519917,[706],[0.6588805],20.916897,4617252,22653617,4096
318,meta-llama_Meta-Llama-3-8B,wikitext-512,128256,4096,318,4096,27240104,[16279],[0.99936395],30.36032787627548,[16279],[0.99977356],30.359919,4617261,26069680,4096
319,meta-llama_Meta-Llama-3-8B,wikitext-512,128256,4096,319,4096,21720333,[220],[0.53504667],22.944130710478998,[220],[0.52879405],22.955885,4617279,18364783,4096
320,meta-llama_Meta-Llama-3-8B,wikitext-512,128256,4096,320,4096,29990046,[4814],[0.44701693],19.912494852398194,[4814],[0.40884635],20.00175,4617320,26702334,4096
321,meta-llama_Meta-Llama-3-8B,wikitext-512,128256,4096,321,4096,35339468,[279],[0.99712299],25.826880558324717,[279],[0.99829274],25.82571,6925851,34799514,4096
322,meta-llama_Meta-Llama-3-8B,wikitext-512,128256,4096,322,4096,25321329,[55975],[0.9956429],28.461352095524134,[55975],[0.9969838],28.460009,3078201,20913936,4096
323,meta-llama_Meta-Llama-3-8B,wikitext-512,128256,4096,323,4096,36508979,[1854],[0.99416208],25.2401556371185,[1854],[0.99328136],25.241043,4617261,35706143,4096
324,meta-llama_Meta-Llama-3-8B,wikitext-512,128256,4096,324,4096,33883803,[315],[0.47971919],20.27547653356482,[315],[0.49740407],20.23927,4617297,32798323,4096
325,meta-llama_Meta-Llama-3-8B,wikitext-512,128256,4096,325,4096,33675877,[31685],[0.33749508],21.344856071739574,[31685],[0.9890883],20.269623,4617302,32569217,4096
326,meta-llama_Meta-Llama-3-8B,wikitext-512,128256,4096,326,4096,29986975,[113384],[0.69895351],20.74456173338124,[113384],[0.7355598],20.693514,4617234,19334648,4096
327,meta-llama_Meta-Llama-3-8B,wikitext-512,128256,4096,327,4096,24955394,[719],[0.21910118],17.47548271001243,[719],[0.3444522],17.023058,4617234,24667219,4096
328,meta-llama_Meta-Llama-3-8B,wikitext-512,128256,4096,328,4096,35640098,[386],[0.72458708],18.778248077685546,[386],[0.6836908],18.836344,4617261,34195116,4096
329,meta-llama_Meta-Llama-3-8B,wikitext-512,128256,4096,329,4096,26259456,[311],[0.27910746],19.90166959239193,[311],[0.26819545],19.94155,4617302,23981772,4096
330,meta-llama_Meta-Llama-3-8B,wikitext-512,128256,4096,330,4096,25190240,[662],[0.53565659],21.69928566623945,[662],[0.52543455],21.71855,6925892,23231873,4096
331,meta-llama_Meta-Llama-3-8B,wikitext-512,128256,4096,331,4096,35281781,[2001],[0.80180213],23.24353937024304,[2001],[0.80360544],23.241293,4617347,33031801,4096
332,meta-llama_Meta-Llama-3-8B,wikitext-512,128256,4096,332,4096,43701640,[304],[0.11448151],17.870371551477167,[304],[0.10465132],17.960148,4617302,37229402,4096
333,meta-llama_Meta-Llama-3-8B,wikitext-512,128256,4096,333,4096,36465728,[1690],[0.2490081],17.98711165941188,[1690],[0.25444973],17.965496,4617302,30083026,4096
334,meta-llama_Meta-Llama-3-8B,wikitext-512,128256,4096,334,4096,42687142,[264],[0.20547261],17.003894120678083,[279],[0.23183781],17.595573,6925973,37233280,4096
335,meta-llama_Meta-Llama-3-8B,wikitext-512,128256,4096,335,4096,47046516,[59562],[0.58710267],21.24205873519763,[59562],[0.6355986],21.16269,4617279,41243243,4096
336,meta-llama_Meta-Llama-3-8B,wikitext-512,128256,4096,336,4096,31040575,[311],[0.82381235],23.00005068387728,[311],[0.7623249],23.07762,4617261,28841801,4096
337,meta-llama_Meta-Llama-3-8B,wikitext-512,128256,4096,337,4096,34106271,[1174],[0.43106969],20.60927345273785,[1174],[0.459582],20.545223,4617261,32760679,4096
338,meta-llama_Meta-Llama-3-8B,wikitext-512,128256,4096,338,4096,26490382,[32465],[0.25907972],18.943513053110248,[32465],[0.26709193],18.913057,4617261,25143995,4096
339,meta-llama_Meta-Llama-3-8B,wikitext-512,128256,4096,339,4096,24587008,[662],[0.8976847],23.950906276484798,[662],[0.94220185],23.902504,4617261,22223016,4096
340,meta-llama_Meta-Llama-3-8B,wikitext-512,128256,4096,340,4096,20479963,[304],[0.41229328],17.137492810813793,[304],[0.43300012],17.088488,4617234,19747374,4096
341,meta-llama_Meta-Llama-3-8B,wikitext-512,128256,4096,341,4096,34346692,[2821],[0.99192148],23.9654935319401,[2821],[0.99610883],23.961283,4617302,27211917,4096
342,meta-llama_Meta-Llama-3-8B,wikitext-512,128256,4096,342,4096,28099810,[1174],[0.53768318],23.47311830425455,[1174],[0.56372833],23.425816,6925878,26126359,4096
343,meta-llama_Meta-Llama-3-8B,wikitext-512,128256,4096,343,4096,36160471,[308],[0.92793983],22.004075344677418,[308],[0.91499907],22.01812,4617320,34199962,4096
344,meta-llama_Meta-Llama-3-8B,wikitext-512,128256,4096,344,4096,22712254,[605],[0.97225642],28.990137498166135,[605],[0.97171706],28.990696,6925892,20949120,4096
345,meta-llama_Meta-Llama-3-8B,wikitext-512,128256,4096,345,4096,17750140,[311],[0.5049572],23.678696332131388,[311],[0.5259288],23.638004,4617306,15589699,4096
346,meta-llama_Meta-Llama-3-8B,wikitext-512,128256,4096,346,4096,27097450,[279],[0.90702871],22.013959194866164,[279],[0.9243644],21.99503,3078231,23506005,4096
347,meta-llama_Meta-Llama-3-8B,wikitext-512,128256,4096,347,4096,37144978,[449],[0.28444824],21.490213306439674,[449],[0.29548767],21.452137,4617279,32813981,4096
348,meta-llama_Meta-Llama-3-8B,wikitext-512,128256,4096,348,4096,39550253,[9958],[0.98149572],23.132429994351725,[9958],[0.98499596],23.128872,4617338,37776207,4096
349,meta-llama_Meta-Llama-3-8B,wikitext-512,128256,4096,349,4096,13367985,[1139],[0.72336507],24.574857857201227,[1139],[0.5680557],24.81655,4617261,13131770,4096
350,meta-llama_Meta-Llama-3-8B,wikitext-512,128256,4096,350,4096,47644186,[578],[0.20305591],16.50958191553023,[578],[0.20828718],16.484148,4617261,43671966,4096
351,meta-llama_Meta-Llama-3-8B,wikitext-512,128256,4096,351,4096,20513032,[4208],[0.44970265],20.472987275463524,[4208],[0.45076632],20.470623,4617297,17276209,4096
352,meta-llama_Meta-Llama-3-8B,wikitext-512,128256,4096,352,4096,31208783,[304],[0.22621979],19.62345336887981,[304],[0.1872474],19.812532,6925892,28910979,4096
353,meta-llama_Meta-Llama-3-8B,wikitext-512,128256,4096,353,4096,32971091,[1051],[0.60040838],19.215389286667676,[1051],[0.6012245],19.21403,6925851,28461447,4096
354,meta-llama_Meta-Llama-3-8B,wikitext-512,128256,4096,354,4096,28463210,[3361],[0.29898157],16.709170064099986,[3361],[0.30291986],16.696083,4617234,25831714,4096
355,meta-llama_Meta-Llama-3-8B,wikitext-512,128256,4096,355,4096,29082222,[1274],[0.63100087],19.620875127282865,[1274],[0.6429342],19.60214,4617234,28224856,4096
356,meta-llama_Meta-Llama-3-8B,wikitext-512,128256,4096,356,4096,23215138,[33009],[0.1556846],19.90965533860787,[33009],[0.14044736],20.012655,6925892,18686534,4096
357,meta-llama_Meta-Llama-3-8B,wikitext-512,128256,4096,357,4096,16348656,[555],[0.74859002],23.26388517485687,[555],[0.8078433],23.187706,4617252,14711433,4096
358,meta-llama_Meta-Llama-3-8B,wikitext-512,128256,4096,358,4096,25321524,[555],[0.79570603],21.06511147249263,[555],[0.8318251],21.020723,4617279,25052248,4096
359,meta-llama_Meta-Llama-3-8B,wikitext-512,128256,4096,359,4096,28335562,[520],[0.35663122],22.491723501543973,[520],[0.55098104],22.056728,3078156,28076534,4096
360,meta-llama_Meta-Llama-3-8B,wikitext-512,128256,4096,360,4096,24785700,[42959],[0.50129024],22.158583797351827,[42959],[0.4287476],22.314898,4617279,24384176,4096
361,meta-llama_Meta-Llama-3-8B,wikitext-512,128256,4096,361,4096,28740981,[59562],[0.89258564],21.173451077330082,[59562],[0.96438396],21.096083,4617234,28348221,4096
362,meta-llama_Meta-Llama-3-8B,wikitext-512,128256,4096,362,4096,11120074,[966],[0.70223636],25.84522451642619,[966],[0.7506483],25.778555,2052104,11119092,4096
363,meta-llama_Meta-Llama-3-8B,wikitext-512,128256,4096,363,4096,33050070,[763],[0.28829228],16.81694826472482,[763],[0.25870025],16.925251,4617279,22239351,4096
364,meta-llama_Meta-Llama-3-8B,wikitext-512,128256,4096,364,4096,35954966,[1005],[0.28285551],19.071576856532968,[1005],[0.24959956],19.196655,6925851,30050026,4096
365,meta-llama_Meta-Llama-3-8B,wikitext-512,128256,4096,365,4096,40355641,[330],[0.74473253],21.05816551218899,[330],[0.71333617],21.101234,3078288,38460559,4096
366,meta-llama_Meta-Llama-3-8B,wikitext-512,128256,4096,366,4096,55666514,[279],[0.80289648],19.15109382236657,[279],[0.590347],19.458603,6925953,28340437,4096
367,meta-llama_Meta-Llama-3-8B,wikitext-512,128256,4096,367,4096,26205760,[1879],[0.21630539],17.774115545695373,[1879],[0.3316284],17.346794,4617261,24342799,4096
368,meta-llama_Meta-Llama-3-8B,wikitext-512,128256,4096,368,4096,30575226,[662],[0.57611265],21.41847743144991,[662],[0.5824647],21.407515,6925851,24775900,4096
369,meta-llama_Meta-Llama-3-8B,wikitext-512,128256,4096,369,4096,20568783,[14122],[0.99985491],27.12258925216894,[14122],[0.9999254],27.122519,4617347,20509066,4096
370,meta-llama_Meta-Llama-3-8B,wikitext-512,128256,4096,370,4096,25385047,[511],[0.99993613],30.471468896357276,[511],[0.9999275],30.47147,4617306,20362226,4096
371,meta-llama_Meta-Llama-3-8B,wikitext-512,128256,4096,371,4096,31189773,[49625],[0.22266984],17.949059920230205,[49625],[0.2378175],17.883247,4617261,27414026,4096
372,meta-llama_Meta-Llama-3-8B,wikitext-512,128256,4096,372,4096,28161854,[39637],[0.77040018],20.79901314316556,[39637],[0.8057499],20.754152,3078186,27067552,4096
373,meta-llama_Meta-Llama-3-8B,wikitext-512,128256,4096,373,4096,27723767,[1077],[0.6218886],22.276923775988966,[1077],[0.6028699],22.307983,3078174,27496332,4096
374,meta-llama_Meta-Llama-3-8B,wikitext-512,128256,4096,374,4096,23210702,[574],[0.15836563],18.810889270705783,[574],[0.16818073],18.750753,6925824,22120889,4096
375,meta-llama_Meta-Llama-3-8B,wikitext-512,128256,4096,375,4096,21787522,[18198],[0.13188871],18.21916763391569,[18198],[0.15832259],18.036491,4617261,20002778,4096
376,meta-llama_Meta-Llama-3-8B,wikitext-512,128256,4096,376,4096,37388343,[279],[0.2304939],17.17394128409677,[279],[0.16871291],17.485966,6925892,32593154,4096
377,meta-llama_Meta-Llama-3-8B,wikitext-512,128256,4096,377,4096,21378604,[662],[0.80471847],22.11754278409944,[662],[0.84561867],22.067966,6925824,17242453,4096
378,meta-llama_Meta-Llama-3-8B,wikitext-512,128256,4096,378,4096,25577842,[1139],[0.99777421],24.17535449373823,[1139],[0.9844114],24.188839,3078174,24642699,4096
379,meta-llama_Meta-Llama-3-8B,wikitext-512,128256,4096,379,4096,38608473,[330],[0.06069924],17.1267179987819,[38618],[0.21667118],16.961369,3078174,36939525,4096
380,meta-llama_Meta-Llama-3-8B,wikitext-512,128256,4096,380,4096,35804203,[330],[0.12227525],19.42318551230505,[330],[0.11718908],19.465672,4617279,25709255,4096
381,meta-llama_Meta-Llama-3-8B,wikitext-512,128256,4096,381,4096,32782992,[36177],[0.10840563],17.04211145085951,[36177],[0.11040496],17.023836,3078272,31909635,4096
382,meta-llama_Meta-Llama-3-8B,wikitext-512,128256,4096,382,4096,38077668,[279],[0.94272782],23.3028283808422,[279],[0.94265676],23.302904,4617320,36129641,4096
383,meta-llama_Meta-Llama-3-8B,wikitext-512,128256,4096,383,4096,35386895,[350],[0.63374944],19.210881429869218,[350],[0.6039727],19.259007,4617261,32559028,4096
384,meta-llama_Meta-Llama-3-8B,wikitext-512,128256,4096,384,4096,30573483,[311],[0.60591654],22.159265742994293,[311],[0.5714337],22.217857,4617261,30158870,4096
385,meta-llama_Meta-Llama-3-8B,wikitext-512,128256,4096,385,4096,29049859,[7732],[0.52400909],21.69113378918353,[7732],[0.52780044],21.683924,4617252,27084778,4096
386,meta-llama_Meta-Llama-3-8B,wikitext-512,128256,4096,386,4096,23371384,[11236],[0.90121004],21.75729909568152,[11236],[0.9002117],21.758408,4617279,20988315,4096
387,meta-llama_Meta-Llama-3-8B,wikitext-512,128256,4096,387,4096,29400152,[279],[0.49623031],19.808968612787854,[279],[0.5856095],19.64336,4617302,27444411,4096
388,meta-llama_Meta-Llama-3-8B,wikitext-512,128256,4096,388,4096,27475647,[1051],[0.66753798],22.50564900508924,[1051],[0.65345246],22.526974,4617320,26147032,4096
389,meta-llama_Meta-Llama-3-8B,wikitext-512,128256,4096,389,4096,26188921,[12],[0.85146211],21.474034604430873,[12],[0.897712],21.42114,3078186,25755391,4096
390,meta-llama_Meta-Llama-3-8B,wikitext-512,128256,4096,390,4096,34625865,[11756],[0.10418121],17.98484049495959,[11756],[0.09136996],18.116058,4617261,34203479,4096
391,meta-llama_Meta-Llama-3-8B,wikitext-512,128256,4096,391,4096,32720058,[2075],[0.99126766],26.081381541456416,[2075],[0.9956328],26.076988,2052162,32718038,4096
392,meta-llama_Meta-Llama-3-8B,wikitext-512,128256,4096,392,4096,30993341,[662],[0.44094636],21.25182496984545,[662],[0.43668872],21.261524,4617234,27769544,4096
393,meta-llama_Meta-Llama-3-8B,wikitext-512,128256,4096,393,4096,16703561,[304],[0.24874942],20.261491283877014,[304],[0.2557493],20.233742,4617315,15798935,4096
394,meta-llama_Meta-Llama-3-8B,wikitext-512,128256,4096,394,4096,39754024,[571],[0.97127176],24.416922484213067,[571],[0.97317976],24.414963,4617302,37787476,4096
395,meta-llama_Meta-Llama-3-8B,wikitext-512,128256,4096,395,4096,39941899,[304],[0.55905707],20.91057094866878,[304],[0.5509686],20.925146,6925932,38733524,4096
396,meta-llama_Meta-Llama-3-8B,wikitext-512,128256,4096,396,4096,29197040,[5788],[0.4210723],20.614962175272897,[5788],[0.44550657],20.558556,4617320,28569082,4096
397,meta-llama_Meta-Llama-3-8B,wikitext-512,128256,4096,397,4096,33507640,[369],[0.22136304],22.177737644353883,[369],[0.22854587],22.14581,6925892,28674601,4096
398,meta-llama_Meta-Llama-3-8B,wikitext-512,128256,4096,398,4096,26273677,[6150],[0.99898024],27.365060659380102,[6150],[0.9990722],27.36497,4617261,25077165,4096
399,meta-llama_Meta-Llama-3-8B,wikitext-512,128256,4096,399,4096,24957436,[264],[0.40178418],20.379569758958404,[264],[0.49356437],20.173836,6925824,19423791,4096
400,meta-llama_Meta-Llama-3-8B,wikitext-512,128256,4096,400,4096,39950135,[1174],[0.91189486],20.901634955474165,[1174],[0.9380043],20.873405,3078174,38768181,4096
401,meta-llama_Meta-Llama-3-8B,wikitext-512,128256,4096,401,4096,30583213,[662],[0.87321514],21.128470348157002,[662],[0.87552524],21.12583,4617324,28254980,4096
402,meta-llama_Meta-Llama-3-8B,wikitext-512,128256,4096,402,4096,27341447,[83758],[0.44948675],18.734177243398697,[83758],[0.4146904],18.81475,4617302,24320034,4096
403,meta-llama_Meta-Llama-3-8B,wikitext-512,128256,4096,403,4096,40976297,[35335],[0.1835249],17.642304366578152,[35335],[0.13834816],17.924881,6925851,36217520,4096
404,meta-llama_Meta-Llama-3-8B,wikitext-512,128256,4096,404,4096,36218424,[304],[0.66674572],20.15638413501283,[304],[0.6137668],20.239178,4617302,35165703,4096
405,meta-llama_Meta-Llama-3-8B,wikitext-512,128256,4096,405,4096,49876128,[568],[0.50191706],20.78617173717379,[568],[0.4980009],20.793997,3078266,49797468,4096
406,meta-llama_Meta-Llama-3-8B,wikitext-512,128256,4096,406,4096,28637208,[15201],[0.09456944],16.7763037837847,[1715],[0.08027132],16.988544,3078213,25048825,4096
407,meta-llama_Meta-Llama-3-8B,wikitext-512,128256,4096,407,4096,32360159,[31],[0.99438307],22.636335732115516,[31],[0.99802977],22.632675,4617302,26762226,4096
408,meta-llama_Meta-Llama-3-8B,wikitext-512,128256,4096,408,4096,27990254,[813],[0.54064788],26.352062880225173,[813],[0.54647714],26.34134,3078174,27525023,4096
409,meta-llama_Meta-Llama-3-8B,wikitext-512,128256,4096,409,4096,32302278,[264],[0.1718098],16.979703327072123,[264],[0.13051991],17.254568,6925851,29985788,4096
410,meta-llama_Meta-Llama-3-8B,wikitext-512,128256,4096,410,4096,16928312,[18172],[0.01436817],26.114628850758027,[18172],[0.2841628],23.130095,3078174,16778849,4096
411,meta-llama_Meta-Llama-3-8B,wikitext-512,128256,4096,411,4096,28955601,[12],[0.94768246],18.951305444053887,[12],[0.9612827],18.937054,4617234,26352906,4096
412,meta-llama_Meta-Llama-3-8B,wikitext-512,128256,4096,412,4096,31121844,[364],[0.26200946],19.68422710678122,[364],[0.3247329],19.469604,6925824,26152872,4096
413,meta-llama_Meta-Llama-3-8B,wikitext-512,128256,4096,413,4096,53711588,[2139],[0.47410791],16.820018374318373,[2139],[0.48158258],16.804373,6925892,42447133,4096
414,meta-llama_Meta-Llama-3-8B,wikitext-512,128256,4096,414,4096,25573086,[430],[0.17683185],19.595078119339366,[315],[0.17392118],19.72123,6925892,20650626,4096
415,meta-llama_Meta-Llama-3-8B,wikitext-512,128256,4096,415,4096,24798408,[22012],[0.96932629],25.802590682257282,[16549],[0.98443514],29.971493,3078174,24484491,4096
416,meta-llama_Meta-Llama-3-8B,wikitext-512,128256,4096,416,4096,28659601,[571],[0.60101688],18.70684610441831,[571],[0.42708856],19.04848,4617261,27127393,4096
417,meta-llama_Meta-Llama-3-8B,wikitext-512,128256,4096,417,4096,24286419,[72],[0.75422795],18.971166628993895,[72],[0.8049279],18.906107,3078242,23862795,4096
418,meta-llama_Meta-Llama-3-8B,wikitext-512,128256,4096,418,4096,36077897,[13658],[0.28711969],18.66453740571106,[6693],[0.27304238],19.017178,4617234,30633864,4096
419,meta-llama_Meta-Llama-3-8B,wikitext-512,128256,4096,419,4096,20793074,[3967],[0.06757847],18.68824597703744,[330],[0.08478796],18.993233,4617234,19846905,4096
420,meta-llama_Meta-Llama-3-8B,wikitext-512,128256,4096,420,4096,30876823,[30139],[0.27167224],15.905089541673489,[279],[0.9532301],20.155813,4617261,34735638,4096
421,meta-llama_Meta-Llama-3-8B,wikitext-512,128256,4096,421,4096,24981761,[13437],[0.99947506],26.609495723537663,[13437],[0.99973136],26.60924,3078174,24724690,4096
422,meta-llama_Meta-Llama-3-8B,wikitext-512,128256,4096,422,4096,27019032,[3582],[0.25449358],18.743929785497652,[3582],[0.24712323],18.77332,4617252,22053559,4096
423,meta-llama_Meta-Llama-3-8B,wikitext-512,128256,4096,423,4096,14644437,[14763],[0.14353686],19.38152636875841,[14763],[0.19979376],19.050833,6925824,9954246,4096
424,meta-llama_Meta-Llama-3-8B,wikitext-512,128256,4096,424,4096,36905593,[1039],[0.48449079],19.239091665208296,[1039],[0.4835155],19.24111,6925892,21309838,4096
425,meta-llama_Meta-Llama-3-8B,wikitext-512,128256,4096,425,4096,28231475,[387],[0.97210876],24.141135869712805,[387],[0.963252],24.150288,6925851,23863842,4096
426,meta-llama_Meta-Llama-3-8B,wikitext-512,128256,4096,426,4096,32692014,[279],[0.73432419],18.43322865270758,[279],[0.7486005],18.413977,6926075,27171893,4096
427,meta-llama_Meta-Llama-3-8B,wikitext-512,128256,4096,427,4096,24694161,[220],[0.95860293],24.31776432448399,[220],[0.9884596],24.28709,4617234,23101596,4096
428,meta-llama_Meta-Llama-3-8B,wikitext-512,128256,4096,428,4096,32355093,[7529],[0.9927429],25.551904070148577,[7529],[0.9977915],25.546837,3078156,31121478,4096
429,meta-llama_Meta-Llama-3-8B,wikitext-512,128256,4096,429,4096,19310952,[87150],[0.882652],31.12078259632344,[87150],[0.9054488],31.095284,4617234,20779325,4096
430,meta-llama_Meta-Llama-3-8B,wikitext-512,128256,4096,430,4096,26979930,[220],[0.16870424],17.786198058402526,[220],[0.16602485],17.802206,4617261,22531527,4096
431,meta-llama_Meta-Llama-3-8B,wikitext-512,128256,4096,431,4096,23031401,[279],[0.18813328],17.10052103947569,[279],[0.17205743],17.189846,6925892,19503693,4096
432,meta-llama_Meta-Llama-3-8B,wikitext-512,128256,4096,432,4096,19099225,[11452],[0.46179372],20.181580156237008,[4349],[0.8139616],21.86312,6925851,17541224,4096
433,meta-llama_Meta-Llama-3-8B,wikitext-512,128256,4096,433,4096,30071939,[13805],[0.67362801],20.400753499239368,[13805],[0.7145941],20.341717,4617234,25945119,4096
434,meta-llama_Meta-Llama-3-8B,wikitext-512,128256,4096,434,4096,60193344,[483],[0.47646232],14.885442987094814,[483],[0.38321787],15.103227,6925953,54727613,4096
435,meta-llama_Meta-Llama-3-8B,wikitext-512,128256,4096,435,4096,14785416,[364],[0.07644631],23.719199745951787,[364],[0.58314496],21.68735,4617234,22238559,4096
436,meta-llama_Meta-Llama-3-8B,wikitext-512,128256,4096,436,4096,27548350,[13235],[0.75387203],23.469506220005957,[13235],[0.7648963],23.454992,4617302,25255876,4096
437,meta-llama_Meta-Llama-3-8B,wikitext-512,128256,4096,437,4096,19105531,[660],[0.99938665],26.827226008547292,[660],[0.9989629],26.827646,3078156,18317087,4096
438,meta-llama_Meta-Llama-3-8B,wikitext-512,128256,4096,438,4096,28944733,[430],[0.5342294],19.817584701971604,[430],[0.5671769],19.757744,3078186,28654722,4096
439,meta-llama_Meta-Llama-3-8B,wikitext-512,128256,4096,439,4096,22977664,[763],[0.22572297],18.889114021523923,[1952],[0.22070657],19.20129,4617261,20243829,4096
440,meta-llama_Meta-Llama-3-8B,wikitext-512,128256,4096,440,4096,27506096,[3842],[0.02707564],19.859853215758907,[3842],[0.17236331],18.008883,4617234,25252082,4096
441,meta-llama_Meta-Llama-3-8B,wikitext-512,128256,4096,441,4096,24645977,[279],[0.97121672],25.3457110781869,[279],[0.9745481],25.342287,4617252,28215575,4096
442,meta-llama_Meta-Llama-3-8B,wikitext-512,128256,4096,442,4096,12348521,[84081],[0.79326663],24.766250498860853,[84081],[0.99079496],24.543903,4617261,12431533,4096
443,meta-llama_Meta-Llama-3-8B,wikitext-512,128256,4096,443,4096,31468330,[11354],[0.81774707],20.52860049627069,[11354],[0.8983745],20.434566,4617302,29517942,4096
444,meta-llama_Meta-Llama-3-8B,wikitext-512,128256,4096,444,4096,35604822,[10434],[0.27293622],16.79107754120155,[574],[0.91419446],19.214607,4617261,28909031,4096
445,meta-llama_Meta-Llama-3-8B,wikitext-512,128256,4096,445,4096,26893955,[279],[0.88076829],19.826744015396628,[279],[0.865903],19.843767,4617261,24381536,4096
446,meta-llama_Meta-Llama-3-8B,wikitext-512,128256,4096,446,4096,26863834,[1101],[0.28090944],19.786751740134736,[2163],[0.21145755],20.108849,4617261,21529807,4096
447,meta-llama_Meta-Llama-3-8B,wikitext-512,128256,4096,447,4096,21178847,[539],[0.84821653],20.269489181737015,[539],[0.86807007],20.246351,6925878,20802763,4096
448,meta-llama_Meta-Llama-3-8B,wikitext-512,128256,4096,448,4096,24723515,[4435],[0.91363074],22.271828276793176,[4435],[0.93042195],22.253613,4617234,22837798,4096
449,meta-llama_Meta-Llama-3-8B,wikitext-512,128256,4096,449,4096,40796554,[67681],[0.10669689],17.498833493359093,[67681],[0.10169054],17.54689,4617261,34275019,4096
450,meta-llama_Meta-Llama-3-8B,wikitext-512,128256,4096,450,4096,41201684,[279],[0.5072737],18.280915567603447,[279],[0.45808172],18.382923,6925851,40367161,4096
451,meta-llama_Meta-Llama-3-8B,wikitext-512,128256,4096,451,4096,26841821,[323],[0.23242938],20.022729325421018,[323],[0.21274978],20.111197,6925824,21204117,4096
452,meta-llama_Meta-Llama-3-8B,wikitext-512,128256,4096,452,4096,23950664,[1174],[0.32667803],19.439596260463315,[1174],[0.33418754],19.416868,6925824,21979442,4096
453,meta-llama_Meta-Llama-3-8B,wikitext-512,128256,4096,453,4096,37503303,[82],[0.98057639],23.195994884589986,[82],[0.9770816],23.199566,4617234,33166705,4096
454,meta-llama_Meta-Llama-3-8B,wikitext-512,128256,4096,454,4096,31423036,[10092],[0.24930309],16.81177343544973,[10092],[0.24142724],16.843876,4617261,34935641,4096
455,meta-llama_Meta-Llama-3-8B,wikitext-512,128256,4096,455,4096,34526461,[662],[0.76437494],21.95107753030402,[662],[0.73469734],21.99068,4617261,35024609,4096
456,meta-llama_Meta-Llama-3-8B,wikitext-512,128256,4096,456,4096,37868056,[279],[0.60810008],21.273006694958436,[279],[0.64601195],21.21253,3078299,36562964,4096
457,meta-llama_Meta-Llama-3-8B,wikitext-512,128256,4096,457,4096,31975458,[24411],[0.62687421],19.352082086564167,[24411],[0.3925099],19.820265,4617252,33167443,4096
458,meta-llama_Meta-Llama-3-8B,wikitext-512,128256,4096,458,4096,27895551,[6250],[0.11290671],23.007826845424365,[6250],[0.10745565],23.057306,4617261,26532383,4096
459,meta-llama_Meta-Llama-3-8B,wikitext-512,128256,4096,459,4096,34601884,[279],[0.65442512],20.953665014749586,[279],[0.7519494],20.814753,4617261,32044278,4096
460,meta-llama_Meta-Llama-3-8B,wikitext-512,128256,4096,460,4096,30231922,[1174],[0.73063528],22.397956856370875,[1174],[0.69215393],22.452059,4617234,30708107,4096
461,meta-llama_Meta-Llama-3-8B,wikitext-512,128256,4096,461,4096,22284981,[31],[0.96971583],23.050325422098744,[31],[0.9828378],23.036888,4617399,19562273,4096
462,meta-llama_Meta-Llama-3-8B,wikitext-512,128256,4096,462,4096,23521579,[1156],[0.20029392],19.1733495032933,[1156],[0.17819627],19.290245,4617279,16707473,4096
463,meta-llama_Meta-Llama-3-8B,wikitext-512,128256,4096,463,4096,36705077,[315],[0.43962543],24.095078985021296,[315],[0.41901302],24.143105,4617234,35192891,4096
464,meta-llama_Meta-Llama-3-8B,wikitext-512,128256,4096,464,4096,22297022,[1389],[0.95462129],25.38089797277005,[1389],[0.9518143],25.383846,4617252,18266105,4096
